Station_ID,Latitude,Longitude,Address,Charger_Type,Cost_USD_per_kWh,Availability,Distance_to_City_km,Usage_Stats_avg_users_per_day,Station_Operator,Charging_Capacity_kW,Connector_Types,Installation_Year,Renewable_Energy_Source,Reviews_Rating,Parking_Spots,Maintenance_Frequency
ST0001,-11.309784549842874,59.448514205923544,"815 Main St, City 0",AC Level 2,0.628,Available,9.52,6.7,Blink,350.0,Type 2,2018,Yes,2.2,4,Monthly
ST0002,63.5928598332891,10.82890990323611,"12 Main St, City 1",AC Level 2,0.368,Available,33.13,19.4,BP Pulse,11.0,CHAdeMO,2020,Yes,3.1,1,Monthly
ST0003,35.15921243548266,-57.14171511410167,"318 Main St, City 2",AC Level 1,0.16,Available,18.45,13.6,ChargePoint,7.2,Tesla,2019,No,4.6,4,Weekly
ST0004,17.82560294561476,94.13850591208461,"592 Main St, City 3",AC Level 2,0.401,Available,0.96,4.7,Blink,50.0,Tesla,2015,No,2.7,19,Weekly
ST0005,-39.71757674248325,55.41935176616377,"216 Main St, City 4",AC Level 2,0.35,Occupied,2.39,48.2,EVgo,50.0,CHAdeMO,2020,No,2.3,9,Quarterly
ST0006,-39.72071235629366,-101.21491819653261,"339 Main St, City 5",DC Fast,0.564,Occupied,0.12,6.2,EVgo,22.0,Tesla,2015,No,3.0,10,Monthly
ST0007,-52.44913041813407,123.27815534815272,"776 Main St, City 6",AC Level 2,0.154,Occupied,14.95,15.8,BP Pulse,22.0,CCS,2017,Yes,2.7,4,Annually
ST0008,52.602898950741576,96.7611728769507,"991 Main St, City 7",AC Level 2,0.369,Available,8.9,33.5,ChargePoint,150.0,Tesla,2019,Yes,4.8,9,Annually
ST0009,18.14495152661715,134.93997398757722,"661 Main St, City 8",AC Level 1,0.183,Occupied,2.16,12.9,Blink,11.0,CHAdeMO,2019,Yes,4.6,13,Weekly
ST0010,32.04943511348591,67.715852516508,"81 Main St, City 9",AC Level 1,0.279,Occupied,47.53,26.0,Blink,150.0,Tesla,2020,No,3.5,12,Weekly
ST0011,-57.32401574154568,34.02455878073695,"727 Main St, City 10",AC Level 2,0.506,Available,11.31,5.2,ChargePoint,50.0,J1772,2022,No,2.2,11,Monthly
ST0012,66.08828078105927,-24.527089112814338,"485 Main St, City 11",AC Level 2,0.362,Occupied,4.15,11.7,Blink,22.0,Type 2,2019,Yes,4.1,12,Weekly
ST0013,48.21754330405483,129.81854500620398,"374 Main St, City 12",AC Level 2,0.307,Available,10.42,7.8,Shell Recharge,22.0,CCS,2015,No,3.9,18,Annually
ST0014,-32.3959156118241,109.81916685012249,"976 Main St, City 13",AC Level 2,0.317,Available,17.07,12.8,ChargePoint,11.0,J1772,2019,Yes,4.9,12,Quarterly
ST0015,-36.36275426307692,-136.43439896814317,"710 Main St, City 14",AC Level 2,0.353,Available,1.19,13.0,Tesla,150.0,J1772,2017,Yes,3.7,16,Quarterly
ST0016,-36.15741371905361,-142.0899076508244,"200 Main St, City 15",DC Fast,0.532,Available,4.82,13.8,EVgo,50.0,CHAdeMO,2018,No,3.0,5,Monthly
ST0017,-20.448508415260093,-37.060989936585116,"537 Main St, City 16",DC Fast,1.621424553033534,Available,24.67,21.5,Tesla,22.0,Type 2,2022,Yes,3.6,12,Quarterly
ST0018,8.218336112190926,93.16599923454987,"466 Main St, City 17",AC Level 1,0.625,Occupied,9.23,112.61418495422245,Shell Recharge,50.0,Type 2,2021,No,4.9,11,Weekly
ST0019,-3.8471475765249536,146.18283879448336,"89 Main St, City 18",AC Level 2,0.533,Offline,11.86,9.0,BP Pulse,350.0,CCS,2019,No,,9,Weekly
ST0020,-22.140211774254553,-104.87493266894154,"268 Main St, City 19",AC Level 1,0.273,Occupied,8.51,15.1,Shell Recharge,22.0,CHAdeMO,2016,No,4.0,18,Weekly
ST0021,19.540876313909337,28.23921460564054,"655 Main St, City 20",AC Level 2,0.478,Occupied,0.67,3.1,Electrify America,350.0,CCS,2020,Yes,2.7,3,Weekly
ST0022,-41.86579811523456,-35.73274301069354,"571 Main St, City 21",DC Fast,0.341,Available,2.72,19.1,Electrify America,22.0,Tesla,2020,Yes,,17,Monthly
ST0023,-22.021195690421642,140.97431934438094,"922 Main St, City 22",AC Level 1,0.24,Occupied,8.85,8.9,Electrify America,7.2,J1772,2020,No,4.3,14,Quarterly
ST0024,-12.372960371820078,102.63567694071261,"489 Main St, City 23",AC Level 2,0.562,Available,3.52,11.9,ChargePoint,11.0,,2023,Yes,3.0,1,Annually
ST0025,-0.7109020517853324,101.49861141334137,"877 Main St, City 24",AC Level 2,0.121,Available,0.77,22.1,Blink,22.0,J1772,2022,Yes,3.5,17,Quarterly
ST0026,42.07287498109177,-9.392052061508906,"538 Main St, City 25",DC Fast,0.596,Available,27.83,26.7,Shell Recharge,11.0,CHAdeMO,2022,No,2.9,8,Weekly
ST0027,-34.042408319413234,-25.55414929870045,"47 Main St, City 26",AC Level 2,0.354,Available,59.6,19.4,Tesla,3.3,Tesla,2015,No,,5,Annually
ST0028,6.8504769937695045,-67.97787842078813,"288 Main St, City 27",AC Level 1,0.45,Available,23.64,6.0,BP Pulse,350.0,,2019,No,2.1,5,Monthly
ST0029,17.013893952065516,-133.08735100472188,"778 Main St, City 28",AC Level 2,0.463,Available,28.84,18.8,Tesla,150.0,Tesla,2021,Yes,2.9,9,Weekly
ST0030,-53.961446346400294,109.41671287651599,"16 Main St, City 29",AC Level 2,0.592,Available,4.16,19.6,Tesla,50.0,Tesla,2020,No,3.7,3,Weekly
ST0031,18.980830747186985,93.87030273902326,"711 Main St, City 30",AC Level 1,0.45,Offline,48.52,17.4,Tesla,11.0,J1772,2019,Yes,2.0,19,Annually
ST0032,-37.8318639206521,149.91530198583916,"401 Main St, City 31",AC Level 2,0.438,Available,3.29,29.1,BP Pulse,7.2,CHAdeMO,2022,Yes,2.8,9,Monthly
ST0033,-51.54329291191367,148.9910511221716,"919 Main St, City 32",AC Level 1,0.137,Available,45.37,14.0,Electrify America,7.2,CHAdeMO,2017,No,4.6,18,Annually
ST0034,63.35511984293332,16.629511680788227,"794 Main St, City 33",AC Level 1,0.385,Available,78.94,28.5,Tesla,50.0,CCS,2020,No,3.8,16,Monthly
ST0035,65.53216429969271,80.69622455415316,"981 Main St, City 34",AC Level 2,0.183,Occupied,18.66,28.4,BP Pulse,350.0,CHAdeMO,2019,No,3.8,1,Weekly
ST0036,45.09165525513994,133.4297189647284,"86 Main St, City 35",AC Level 1,0.506,Available,59.56,19.9,BP Pulse,22.0,CCS,2022,No,3.2,2,Quarterly
ST0037,-20.40021000746181,104.89421720322343,"250 Main St, City 36",AC Level 2,0.382,Available,12.64,15.9,Blink,7.2,Type 2,2018,No,4.0,14,Weekly
ST0038,-47.30262517917009,-75.7955694770407,"391 Main St, City 37",AC Level 2,0.474,Available,4.51,17.5,BP Pulse,50.0,Type 2,2022,No,,14,Quarterly
ST0039,28.950293446580403,-14.836759406971936,"782 Main St, City 38",DC Fast,0.123,Available,8.62,32.6,Electrify America,22.0,Type 2,2016,No,4.5,1,Quarterly
ST0040,-2.7801758138518338,-111.2521754545515,"335 Main St, City 39",AC Level 2,0.147,Available,13.5,24.1,Tesla,22.0,CHAdeMO,2023,No,,16,Monthly
ST0041,-44.13502947017875,136.2153081776167,"629 Main St, City 40",AC Level 1,0.494,Available,1.14,6.6,BP Pulse,50.0,CHAdeMO,2023,No,4.0,15,Annually
ST0042,4.372998314465121,31.852390335264005,"519 Main St, City 41",AC Level 1,0.14,Available,14.61,16.9,ChargePoint,50.0,CCS,2020,No,3.0,15,Monthly
ST0043,-55.52949225502161,-81.40715834896119,"137 Main St, City 42",AC Level 2,0.139,Available,59.59,7.5,BP Pulse,7.2,Tesla,2018,No,4.2,12,Weekly
ST0044,58.21165227024167,51.51020532175701,"883 Main St, City 43",DC Fast,0.107,Available,3.16,8.7,EVgo,3.3,CCS,2018,Yes,3.6,16,Annually
ST0045,-26.3586023919978,35.43847213736876,"688 Main St, City 44",AC Level 1,0.626,Occupied,23.6,10.5,EVgo,350.0,Type 2,2020,No,3.4,14,Quarterly
ST0046,26.12789696601766,-42.551184590147855,"840 Main St, City 45",DC Fast,0.506,Available,35.77,4.8,EVgo,11.0,CCS,2019,Yes,2.5,15,Quarterly
ST0047,-19.47756010837658,-115.9327223401113,"498 Main St, City 46",AC Level 1,0.294,Available,43.16,7.2,BP Pulse,7.2,Tesla,2020,No,3.9,15,Weekly
ST0048,7.608842753115411,51.47195867783989,"827 Main St, City 47",AC Level 2,0.263,Available,48.33,30.0,Electrify America,11.0,CHAdeMO,2021,,4.9,19,Annually
ST0049,11.072336314626355,6.09231027113799,"727 Main St, City 48",DC Fast,0.292,Offline,11.06,8.7,Tesla,3.3,CCS,2021,No,4.5,8,Weekly
ST0050,-35.96892078168149,81.6955175206918,"477 Main St, City 49",DC Fast,0.526,Available,56.79,21.6,Shell Recharge,22.0,Type 2,2023,No,2.2,2,Weekly
ST0051,66.04600160939262,6.049050333598018,"594 Main St, City 50",DC Fast,0.464,Available,21.24,14.8,Shell Recharge,150.0,Type 2,2022,Yes,3.1,2,Monthly
ST0052,40.76726703694489,105.65445009556203,"223 Main St, City 51",DC Fast,0.202,Occupied,2.65,18.4,Shell Recharge,22.0,CHAdeMO,2020,Yes,4.8,10,Weekly
ST0053,62.134862403344584,15.572051632345676,"990 Main St, City 52",AC Level 2,0.196,Available,9.72,18.8,Electrify America,22.0,CCS,2020,Yes,3.5,3,Annually
ST0054,56.327555555594344,18.28139146061588,"372 Main St, City 53",DC Fast,0.154,Available,19.01,7.0,Blink,50.0,Tesla,2019,No,4.0,17,Weekly
ST0055,17.72699724544107,112.99608079750351,"935 Main St, City 54",AC Level 1,0.463,Available,4.26,21.5,ChargePoint,50.0,CHAdeMO,2015,Yes,4.7,8,Annually
ST0056,59.84365055300519,-28.95514013628089,"995 Main St, City 55",DC Fast,0.52,Occupied,15.35,5.6,ChargePoint,150.0,,2023,Yes,4.6,4,Quarterly
ST0057,-48.49597473325046,-109.79543146480778,"402 Main St, City 56",AC Level 2,2.3392128891845196,Available,16.48,8.4,EVgo,150.0,J1772,2023,Yes,3.5,14,Weekly
ST0058,-34.52222788551113,-141.3651971059983,"443 Main St, City 57",DC Fast,0.112,Occupied,2.66,18.7,EVgo,3.3,Type 2,2023,No,3.3,10,Annually
ST0059,-54.12045244163005,76.54117670208569,"490 Main St, City 58",AC Level 2,0.145,Offline,12.49,6.7,BP Pulse,150.0,,2022,Yes,3.0,1,Quarterly
ST0060,-17.707057000775634,36.09286540603941,"615 Main St, City 59",AC Level 2,0.632,Available,22.15,2.9,Shell Recharge,22.0,Tesla,2017,No,4.2,4,Annually
ST0061,-9.471952340367338,61.22393042976708,"273 Main St, City 60",AC Level 2,0.262,Available,10.36,16.4,BP Pulse,350.0,Tesla,2015,Yes,2.9,1,Quarterly
ST0062,-24.724625869393535,-86.11075154732677,"526 Main St, City 61",DC Fast,0.523,Available,0.18,4.2,Shell Recharge,22.0,Type 2,2022,No,2.7,17,Monthly
ST0063,47.73587618975081,-109.08855732396907,"159 Main St, City 62",AC Level 1,0.444,Available,0.14,19.7,EVgo,350.0,CCS,2021,Yes,3.1,17,Weekly
ST0064,-13.622067529833394,-145.63660029963543,"152 Main St, City 63",AC Level 1,0.31,Available,6.62,11.0,Tesla,150.0,CHAdeMO,2019,No,2.5,7,Weekly
ST0065,-23.4785137406405,-44.823732358020905,"995 Main St, City 64",AC Level 2,0.213,Offline,39.09,16.3,Blink,11.0,CCS,2021,Yes,4.1,15,Quarterly
ST0066,10.550490810572299,26.97530605638991,"620 Main St, City 65",AC Level 1,0.167,Occupied,3.89,16.1,BP Pulse,50.0,CHAdeMO,2018,No,3.8,13,Monthly
ST0067,-41.67985075328086,-32.32678647008031,"188 Main St, City 66",DC Fast,0.438,Occupied,15.09,20.5,Blink,350.0,Tesla,2023,No,3.4,2,Annually
ST0068,44.28560749802516,-18.757523392881268,"813 Main St, City 67",AC Level 2,0.526,Available,3.77,19.0,Blink,150.0,CCS,2016,No,3.2,19,Monthly
ST0069,-50.30841632162979,121.24760834812452,"98 Main St, City 68",DC Fast,0.454,Occupied,5.82,6.6,Blink,7.2,Tesla,2023,No,4.7,13,Annually
ST0070,68.29530175806724,-45.523359893009896,"131 Main St, City 69",AC Level 2,0.392,Offline,28.26,115.57275039713278,EVgo,50.0,J1772,2023,No,,11,Annually
ST0071,40.39182000856546,4.196846747943226,"805 Main St, City 70",AC Level 1,0.123,Occupied,19.58,16.2,ChargePoint,22.0,Tesla,2019,No,4.3,15,Weekly
ST0072,-34.16696140055758,85.09590382234293,"171 Main St, City 71",DC Fast,0.633,Available,1.5,28.8,EVgo,3.3,,2015,No,4.7,10,Quarterly
ST0073,-59.282124773931685,-31.03716530361895,"936 Main St, City 72",AC Level 2,0.539,Occupied,8.4,19.1,Blink,22.0,CHAdeMO,2021,Yes,3.3,9,Weekly
ST0074,46.009985699128435,36.626010068362035,"986 Main St, City 73",AC Level 2,0.261,Available,0.44,27.4,EVgo,11.0,J1772,2018,No,3.7,9,Weekly
ST0075,31.891454700190224,108.70911262402353,"183 Main St, City 74",AC Level 2,0.639,Available,9.83,16.7,Blink,150.0,Tesla,2023,,4.8,1,Weekly
ST0076,34.77093184532835,134.85618709729266,"983 Main St, City 75",DC Fast,0.431,Available,16.29,24.4,Electrify America,22.0,Tesla,2020,Yes,2.6,17,Annually
ST0077,40.265145069172945,-105.87795572128863,"364 Main St, City 76",AC Level 2,0.42,Occupied,1.89,15.5,Shell Recharge,150.0,J1772,2017,Yes,,12,Weekly
ST0078,-50.37419527456825,127.97628754844834,"39 Main St, City 77",DC Fast,0.511,Occupied,5.11,23.8,ChargePoint,3.3,J1772,2020,Yes,3.4,10,Annually
ST0079,-13.399455289244564,-2.36511207613853,"527 Main St, City 78",DC Fast,0.546,Available,7.61,10.7,Electrify America,22.0,CCS,2020,No,2.8,5,Quarterly
ST0080,-44.937022261733134,-72.5266835103125,"888 Main St, City 79",AC Level 2,0.461,Available,37.8,30.6,Tesla,11.0,CHAdeMO,2019,Yes,4.5,18,Annually
ST0081,52.20344536382716,-12.259273128521613,"497 Main St, City 80",AC Level 1,0.17,Available,74.98,17.8,EVgo,11.0,J1772,2016,Yes,4.7,15,Annually
ST0082,21.028756487582527,144.00977258564313,"516 Main St, City 81",AC Level 2,0.286,Available,0.69,4.9,Tesla,7.2,J1772,2016,Yes,4.3,6,Monthly
ST0083,-16.983256769155602,-2.214571802139119,"349 Main St, City 82",AC Level 1,0.61,Available,21.47,16.6,BP Pulse,11.0,Type 2,2021,No,2.6,7,Weekly
ST0084,-51.73741446281693,-51.37451691374754,"982 Main St, City 83",AC Level 1,0.224,Available,6.97,19.1,EVgo,50.0,J1772,2016,No,2.3,17,Weekly
ST0085,-19.572298176963912,40.02025629501773,"921 Main St, City 84",AC Level 2,0.305,Occupied,7.48,21.9,Shell Recharge,11.0,CHAdeMO,2020,Yes,3.8,6,Weekly
ST0086,-17.726168136522887,-77.95631436654207,"397 Main St, City 85",AC Level 2,0.338,Available,21.05,36.5,Electrify America,22.0,Tesla,2019,,2.2,8,Weekly
ST0087,34.848803183948334,-127.24100156740083,"722 Main St, City 86",DC Fast,0.342,Available,37.59,9.6,Shell Recharge,22.0,Tesla,2018,Yes,4.0,12,Monthly
ST0088,22.88247127617771,-111.33608342680523,"161 Main St, City 87",DC Fast,0.437,Available,45.22,36.6,BP Pulse,150.0,Tesla,2021,No,3.6,14,Monthly
ST0089,55.337656534922445,-111.58624831266826,"16 Main St, City 88",DC Fast,0.619,Offline,12.91,13.4,Blink,350.0,Tesla,2022,No,4.0,12,Monthly
ST0090,1.3879402710534094,-104.4291919463117,"493 Main St, City 89",AC Level 2,0.232,Occupied,6.63,8.1,Shell Recharge,22.0,,2018,No,3.8,10,Monthly
ST0091,-44.45274802802078,-108.35184820517696,"426 Main St, City 90",AC Level 2,0.167,Occupied,23.24,9.8,Shell Recharge,22.0,J1772,2015,Yes,3.3,15,Weekly
ST0092,32.721822338989355,42.26242344096437,"108 Main St, City 91",AC Level 2,0.209,Available,4.34,18.5,Blink,7.2,Tesla,2015,No,2.6,7,Annually
ST0093,38.902056320196664,-95.43597468025655,"894 Main St, City 92",DC Fast,0.588,Available,12.45,7.4,EVgo,350.0,CCS,2015,No,2.9,9,Quarterly
ST0094,12.966035684034509,-46.299815002841044,"450 Main St, City 93",AC Level 1,0.455,Available,6.66,10.8,Blink,7.2,Tesla,2015,Yes,3.6,10,Monthly
ST0095,40.22573339409293,119.03652297180355,"311 Main St, City 94",DC Fast,0.257,Occupied,16.03,16.3,Electrify America,11.0,J1772,2019,,4.0,10,Annually
ST0096,4.193427527370801,-7.811507921138286,"739 Main St, City 95",AC Level 2,0.549,Offline,4.12,30.5,Shell Recharge,11.0,Tesla,2018,Yes,4.3,16,Monthly
ST0097,7.955267819659227,50.26732155630816,"170 Main St, City 96",AC Level 2,0.574,Occupied,3.19,21.6,Blink,22.0,Type 2,2023,No,4.3,7,Weekly
ST0098,-4.4196676133885475,-98.30403863951105,"546 Main St, City 97",DC Fast,0.566,Occupied,37.56,13.7,BP Pulse,11.0,CHAdeMO,2017,No,4.9,5,Weekly
ST0099,-56.69551352326763,-92.31329435739877,"414 Main St, City 98",AC Level 2,0.605,Occupied,1.61,18.4,BP Pulse,150.0,CHAdeMO,2021,No,2.9,3,Annually
ST0100,-45.97411449087042,-137.73941512005635,"251 Main St, City 99",DC Fast,0.239,Available,10.58,15.4,Shell Recharge,7.2,J1772,2022,No,2.2,18,Annually
ST0101,-55.91420586072455,-99.31948107835063,"759 Main St, City 100",DC Fast,0.515,Offline,3.74,6.0,Electrify America,50.0,CHAdeMO,2020,Yes,3.0,11,Annually
ST0102,22.733353464291454,-66.42289829041242,"781 Main St, City 101",AC Level 2,0.353,Available,0.6,33.4,Tesla,7.2,CHAdeMO,2015,No,4.2,15,Weekly
ST0103,-19.133722460077536,-96.89685471697595,"141 Main St, City 102",AC Level 2,0.563,Available,0.55,30.7,Electrify America,7.2,CCS,2022,No,3.3,5,Weekly
ST0104,6.1141898514113535,-123.38923987288331,"274 Main St, City 103",AC Level 2,0.501,Available,2.89,12.7,ChargePoint,350.0,J1772,2017,Yes,4.5,12,Quarterly
ST0105,57.9836416103921,-113.80923866981976,"416 Main St, City 104",DC Fast,0.527,Available,30.24,10.0,ChargePoint,11.0,J1772,2022,No,3.6,4,Annually
ST0106,-27.592010210646258,-11.76636959018228,"608 Main St, City 105",AC Level 2,0.461,Available,4.98,6.1,ChargePoint,150.0,CHAdeMO,2018,Yes,4.8,15,Quarterly
ST0107,-6.6502200053681335,-88.09988447826225,"739 Main St, City 106",AC Level 2,0.198,Available,45.07,19.1,Shell Recharge,50.0,CHAdeMO,2022,,4.8,9,Monthly
ST0108,38.221648010596326,-40.719041685577366,"891 Main St, City 107",AC Level 2,0.4,Available,13.07,19.2,BP Pulse,7.2,CHAdeMO,2015,No,2.2,7,Quarterly
ST0109,-30.25623848608908,1.0251812564570741,"39 Main St, City 108",DC Fast,0.642,Available,8.61,7.8,EVgo,350.0,Type 2,2017,No,3.4,10,Monthly
ST0110,-49.99261172225691,57.1184485888096,"814 Main St, City 109",AC Level 1,0.616,Available,13.02,15.5,BP Pulse,11.0,Tesla,2020,No,3.8,13,Monthly
ST0111,-22.332311121210154,-138.2063580476703,"29 Main St, City 110",DC Fast,0.124,Available,10.91,21.2,EVgo,150.0,Type 2,2023,Yes,2.8,8,Quarterly
ST0112,-39.041232656979425,89.82311967271278,"958 Main St, City 111",DC Fast,0.191,Available,21.33,9.5,EVgo,11.0,,2016,No,,12,Annually
ST0113,60.8606948045345,38.37011684727233,"477 Main St, City 112",AC Level 1,0.172,Available,4.98,11.8,BP Pulse,150.0,CCS,2015,No,4.0,19,Monthly
ST0114,45.0556493433742,-125.47229041533842,"318 Main St, City 113",AC Level 2,0.499,Occupied,6.53,11.7,Shell Recharge,3.3,Tesla,2017,No,2.7,1,Annually
ST0115,22.342488346355054,112.07358723203316,"245 Main St, City 114",DC Fast,0.55,Occupied,33.68,8.1,Electrify America,50.0,CCS,2018,No,3.8,16,Weekly
ST0116,53.2898767244033,126.26172015954398,"748 Main St, City 115",AC Level 1,0.217,Occupied,43.91,11.9,EVgo,150.0,J1772,2019,No,4.1,17,Monthly
ST0117,44.477369996884875,-131.67661204354087,"697 Main St, City 116",DC Fast,0.378,Occupied,33.46,4.3,Tesla,350.0,J1772,2017,Yes,2.3,18,Weekly
ST0118,-35.745892344815346,-66.93670555583888,"272 Main St, City 117",AC Level 2,0.562,Available,8.16,11.3,BP Pulse,350.0,CCS,2016,No,3.5,11,Quarterly
ST0119,56.032669803697104,91.86038393791841,"440 Main St, City 118",AC Level 2,0.503,Occupied,22.74,11.5,BP Pulse,150.0,CCS,2016,Yes,2.8,18,Annually
ST0120,10.114491449034588,74.47790711509751,"748 Main St, City 119",DC Fast,0.398,Available,9.7,12.8,ChargePoint,150.0,,2021,Yes,4.2,7,Quarterly
ST0121,44.96722017132812,-94.6436941930868,"239 Main St, City 120",AC Level 2,0.425,Available,10.32,17.6,Electrify America,11.0,J1772,2023,No,2.6,18,Monthly
ST0122,56.491868990054115,-87.1952029989869,"377 Main St, City 121",AC Level 2,0.38,Occupied,3.44,5.7,ChargePoint,11.0,CHAdeMO,2016,No,4.7,8,Weekly
ST0123,-18.659548253657697,-38.858369162585404,"266 Main St, City 122",AC Level 2,0.264,Available,13.42,6.5,BP Pulse,11.0,CCS,2021,Yes,3.3,6,Monthly
ST0124,-45.69324981140202,-4.6431044426936126,"926 Main St, City 123",AC Level 2,0.411,Occupied,3.09,8.0,BP Pulse,22.0,Tesla,2021,No,,7,Quarterly
ST0125,-30.368428869547582,35.476431459088786,"921 Main St, City 124",AC Level 1,0.479,Occupied,6.04,5.3,EVgo,22.0,J1772,2021,Yes,3.3,10,Annually
ST0126,-4.475987478586681,-39.32590812906828,"359 Main St, City 125",AC Level 2,0.58,Occupied,28.97,18.8,Electrify America,50.0,Type 2,2017,No,3.2,11,Annually
ST0127,46.3419195699241,-11.23958516005564,"340 Main St, City 126",DC Fast,0.45,Offline,3.48,9.3,Blink,11.0,Type 2,2021,No,3.3,13,Monthly
ST0128,51.89497582332464,74.24128144012695,"389 Main St, City 127",AC Level 2,0.519,Available,1.11,13.1,Tesla,50.0,Tesla,2015,No,3.8,9,Monthly
ST0129,-59.09622303094521,-138.99503913282064,"577 Main St, City 128",AC Level 2,0.188,Available,1.07,7.5,EVgo,11.0,CHAdeMO,2015,Yes,3.6,7,Weekly
ST0130,6.39714933508354,-74.26891669679378,"990 Main St, City 129",AC Level 2,0.354,Available,42.4,10.6,BP Pulse,22.0,CCS,2019,No,2.4,9,Quarterly
ST0131,-5.736569590658732,64.00487576536574,"689 Main St, City 130",DC Fast,0.105,Available,10.61,15.9,EVgo,50.0,J1772,2016,No,2.2,13,Monthly
ST0132,-31.12598463880507,118.56205130615979,"3 Main St, City 131",AC Level 1,0.236,Occupied,7.9,16.4,Tesla,150.0,CCS,2023,No,4.2,3,Weekly
ST0133,-44.41750224662124,3.5032326346998275,"429 Main St, City 132",DC Fast,0.5,Occupied,24.98,6.7,BP Pulse,50.0,J1772,2021,No,3.7,3,Monthly
ST0134,-16.110027717528368,9.634045579594698,"142 Main St, City 133",AC Level 2,0.645,Occupied,27.1,12.7,Tesla,50.0,Type 2,2018,No,3.1,1,Annually
ST0135,62.57826150862749,-117.84839659806718,"376 Main St, City 134",AC Level 2,0.155,Available,6.06,7.6,Blink,11.0,CCS,2018,Yes,4.4,2,Weekly
ST0136,-17.98361883730182,-15.776289952963594,"670 Main St, City 135",AC Level 1,0.321,Available,17.74,12.4,EVgo,50.0,Tesla,2016,No,3.2,3,Weekly
ST0137,7.442780826637588,9.78517993650695,"324 Main St, City 136",AC Level 1,0.54,Available,22.12,8.8,Shell Recharge,7.2,CHAdeMO,2019,,4.4,15,Monthly
ST0138,31.39246465637312,-77.2588489095811,"146 Main St, City 137",AC Level 2,0.212,Available,15.95,34.6,EVgo,22.0,Tesla,2018,Yes,2.9,6,Quarterly
ST0139,-12.728151690691782,-69.2270307151857,"958 Main St, City 138",AC Level 2,0.405,Occupied,2.47,21.1,ChargePoint,22.0,CHAdeMO,2015,No,2.2,13,Annually
ST0140,66.3316707537249,-36.814751068613205,"293 Main St, City 139",DC Fast,0.503,Available,31.3,16.8,Electrify America,3.3,CCS,2022,Yes,4.8,1,Quarterly
ST0141,65.11814834247446,-143.97864066668208,"665 Main St, City 140",AC Level 2,0.439,Available,11.62,11.2,Electrify America,11.0,CCS,2017,No,3.2,19,Weekly
ST0142,-27.26830154270266,-53.37625032504651,"432 Main St, City 141",AC Level 2,0.203,Available,4.98,21.5,ChargePoint,350.0,CHAdeMO,2020,No,4.4,1,Quarterly
ST0143,4.642305766010111,-86.5655979010366,"705 Main St, City 142",AC Level 2,0.295,Occupied,8.31,12.9,BP Pulse,350.0,Type 2,2018,Yes,2.8,2,Weekly
ST0144,-20.885819723819942,-51.75079434662561,"949 Main St, City 143",DC Fast,0.531,Occupied,0.57,32.6,Electrify America,22.0,J1772,2023,No,3.9,15,Quarterly
ST0145,-22.970735730929214,-114.07136045422463,"975 Main St, City 144",AC Level 1,0.405,Available,2.05,22.7,Tesla,3.3,Tesla,2021,Yes,4.6,14,Monthly
ST0146,-55.20469684391074,117.1581842219685,"585 Main St, City 145",AC Level 1,0.103,Available,21.76,10.6,Electrify America,11.0,Tesla,2023,Yes,2.1,19,Quarterly
ST0147,19.24336341738659,28.077736066214584,"399 Main St, City 146",AC Level 1,0.519,Available,0.0,30.6,Electrify America,22.0,Tesla,2017,Yes,4.5,11,Weekly
ST0148,5.348273019752,53.73069574334687,"817 Main St, City 147",DC Fast,0.119,Available,8.08,11.2,ChargePoint,350.0,CCS,2015,No,3.7,15,Annually
ST0149,-53.30776233750139,86.7513715822015,"889 Main St, City 148",AC Level 2,0.51,Occupied,11.09,35.7,BP Pulse,7.2,Tesla,2019,Yes,3.8,6,Annually
ST0150,-23.775959649240512,-0.4673403212828191,"344 Main St, City 149",AC Level 2,0.211,Occupied,0.84,31.5,Blink,150.0,J1772,2017,No,3.6,9,Annually
ST0151,58.074565175664986,-123.9239135737729,"964 Main St, City 150",DC Fast,0.627,Available,54.22,15.9,Electrify America,7.2,J1772,2020,No,4.6,5,Weekly
ST0152,-28.856954213293584,11.131962545564335,"140 Main St, City 151",DC Fast,0.302,Available,3.85,4.4,Shell Recharge,350.0,CHAdeMO,2022,Yes,2.1,2,Quarterly
ST0153,-41.163666628141,26.05233540626375,"187 Main St, City 152",AC Level 2,0.28,Offline,5.44,15.2,Electrify America,22.0,CCS,2018,No,2.8,6,Annually
ST0154,3.6288588360831895,73.631842255299,"805 Main St, City 153",DC Fast,0.182,Available,5.43,6.2,Blink,150.0,J1772,2019,No,4.6,18,Annually
ST0155,68.1345590343781,-20.502136131096194,"61 Main St, City 154",AC Level 2,0.268,Occupied,3.93,9.0,ChargePoint,22.0,Type 2,2019,No,4.3,19,Annually
ST0156,-28.532814703504947,-111.72590916133088,"997 Main St, City 155",AC Level 1,0.582,Available,0.02,9.4,Blink,50.0,CCS,2018,Yes,2.1,9,Monthly
ST0157,27.377621162764214,-64.86722826038266,"939 Main St, City 156",AC Level 2,0.648,Available,19.6,6.2,ChargePoint,11.0,CCS,2018,Yes,3.6,6,Weekly
ST0158,39.01054999273329,-41.07531108040948,"380 Main St, City 157",AC Level 1,0.303,Available,51.1,15.2,Tesla,7.2,J1772,2018,Yes,3.6,14,Weekly
ST0159,-29.107119280988044,43.77517239948037,"710 Main St, City 158",AC Level 2,0.347,Available,3.81,8.3,ChargePoint,350.0,Type 2,2018,Yes,3.2,13,Weekly
ST0160,34.668125319541744,21.233491400673557,"807 Main St, City 159",DC Fast,0.497,Offline,16.32,11.5,Tesla,350.0,CHAdeMO,2018,Yes,2.9,11,Weekly
ST0161,-12.18819274649708,-43.17098223064613,"440 Main St, City 160",AC Level 1,0.587,Available,20.32,9.4,Tesla,150.0,J1772,2019,Yes,4.0,12,Weekly
ST0162,22.199757977165334,145.95457463789393,"319 Main St, City 161",AC Level 1,0.426,Available,28.3,17.7,ChargePoint,50.0,Type 2,2016,Yes,2.6,19,Monthly
ST0163,22.358862398916315,31.732445807066142,"302 Main St, City 162",AC Level 2,0.315,Available,8.24,17.0,Shell Recharge,150.0,CCS,2016,Yes,4.4,19,Quarterly
ST0164,9.650708929718604,-78.83196247920165,"344 Main St, City 163",DC Fast,0.327,Available,5.41,11.0,EVgo,7.2,Type 2,2023,Yes,4.4,19,Monthly
ST0165,-48.26232989292692,-119.46525821387888,"11 Main St, City 164",AC Level 2,0.483,Available,5.9,18.2,ChargePoint,22.0,CCS,2016,Yes,,13,Annually
ST0166,48.58932442660094,-104.1422582447004,"62 Main St, City 165",AC Level 2,0.102,Available,18.7,26.1,Electrify America,22.0,J1772,2020,No,2.9,14,Monthly
ST0167,-18.298591553674342,-76.21268148464756,"845 Main St, City 166",AC Level 1,0.441,Occupied,25.46,2.5,Shell Recharge,50.0,J1772,2016,Yes,2.9,18,Weekly
ST0168,-35.75259364801895,-101.7955880221333,"226 Main St, City 167",AC Level 1,0.296,Available,3.01,9.1,Shell Recharge,22.0,Tesla,2019,No,3.4,12,Monthly
ST0169,-54.69923159788069,-94.02989278460828,"153 Main St, City 168",DC Fast,0.537,Available,6.95,7.1,Electrify America,7.2,Tesla,2018,Yes,4.2,4,Weekly
ST0170,16.81608261447144,-64.47144939184587,"711 Main St, City 169",DC Fast,0.151,Offline,34.83,97.7902359280805,EVgo,50.0,Tesla,2021,No,3.1,10,Monthly
ST0171,28.083367039496707,-97.98792141157355,"564 Main St, City 170",AC Level 1,0.424,Available,24.65,2.1,Shell Recharge,150.0,J1772,2021,Yes,3.8,17,Weekly
ST0172,-57.8435822393787,119.02962738792758,"772 Main St, City 171",DC Fast,0.365,Offline,62.85,2.4,Tesla,22.0,CHAdeMO,2020,No,3.1,4,Annually
ST0173,6.572097578906522,-125.92987630150733,"571 Main St, City 172",AC Level 2,0.453,Available,21.05,1.1,EVgo,7.2,J1772,2019,No,2.9,12,Weekly
ST0174,-30.555549224268066,7.353416871076405,"584 Main St, City 173",DC Fast,0.136,Occupied,7.49,80.54932752330313,BP Pulse,11.0,Type 2,2015,Yes,2.1,13,Monthly
ST0175,23.872462753228476,-26.880951903101547,"660 Main St, City 174",AC Level 2,0.419,Occupied,13.4,9.5,Electrify America,11.0,J1772,2017,No,2.0,4,Annually
ST0176,-37.332364229351114,144.7135850725819,"861 Main St, City 175",AC Level 2,0.409,Occupied,16.23,28.2,EVgo,11.0,J1772,2023,No,2.7,10,Monthly
ST0177,29.821905953320567,-116.3883293495843,"575 Main St, City 176",AC Level 2,0.408,Offline,1.23,14.5,ChargePoint,50.0,CCS,2015,Yes,3.2,3,Annually
ST0178,-9.724404980930139,-30.643320286277515,"310 Main St, City 177",AC Level 2,0.432,Available,11.8,17.9,EVgo,50.0,CCS,2019,No,4.6,15,Quarterly
ST0179,61.77489853577549,140.84112998261065,"885 Main St, City 178",AC Level 1,0.472,Offline,18.53,77.9,Tesla,50.0,CCS,2016,No,4.4,2,Quarterly
ST0180,-42.122277261020876,109.65213776819405,"243 Main St, City 179",AC Level 1,0.543,Available,2.75,2.5,ChargePoint,22.0,J1772,2018,No,2.8,17,Quarterly
ST0181,-15.661374363466393,95.12162128478397,"493 Main St, City 180",AC Level 2,0.248,Available,22.76,33.0,Blink,150.0,CHAdeMO,2015,Yes,2.7,6,Monthly
ST0182,-45.24844223872342,-72.62915188651804,"366 Main St, City 181",DC Fast,0.554,Available,13.15,13.0,Electrify America,11.0,Type 2,2017,No,2.7,8,Monthly
ST0183,60.210170376213156,-98.73372378298026,"330 Main St, City 182",AC Level 2,0.374,Available,45.62,10.2,Electrify America,22.0,Type 2,2021,,3.0,3,Annually
ST0184,54.054115939527534,50.5929659773293,"107 Main St, City 183",AC Level 2,0.142,Available,0.65,9.2,EVgo,150.0,CHAdeMO,2017,No,3.5,18,Annually
ST0185,-26.467588397029772,128.81279673827572,"226 Main St, City 184",DC Fast,0.132,Available,4.62,16.2,Shell Recharge,11.0,CHAdeMO,2018,No,3.3,1,Annually
ST0186,25.797925984443282,17.028867904178924,"825 Main St, City 185",AC Level 1,0.284,Available,13.8,10.2,ChargePoint,7.2,Type 2,2016,Yes,2.7,16,Annually
ST0187,46.238886026158056,21.483806840969947,"218 Main St, City 186",AC Level 2,0.532,Occupied,5.28,6.1,Blink,150.0,Tesla,2017,No,2.4,7,Weekly
ST0188,12.176105507930103,-66.00627190191474,"937 Main St, City 187",AC Level 2,0.489,Occupied,18.8,9.4,ChargePoint,22.0,CCS,2023,,2.0,3,Quarterly
ST0189,8.85457518628084,80.84787995758106,"753 Main St, City 188",DC Fast,0.534,Available,21.34,16.5,Electrify America,50.0,CCS,2017,Yes,,4,Weekly
ST0190,-28.55920218294128,-93.88687543274298,"506 Main St, City 189",AC Level 1,0.384,Available,1.62,19.8,ChargePoint,3.3,Type 2,2019,No,4.1,9,Weekly
ST0191,-47.8966401852331,-52.896229078726904,"259 Main St, City 190",AC Level 2,0.342,Available,10.82,34.8,Blink,50.0,CHAdeMO,2016,No,2.7,5,Weekly
ST0192,56.638048533932476,-22.369068415074963,"888 Main St, City 191",DC Fast,0.181,Available,10.67,14.2,Shell Recharge,22.0,Tesla,2018,Yes,3.4,19,Weekly
ST0193,57.054347431232955,2.2831136053364958,"774 Main St, City 192",DC Fast,0.281,Available,6.91,27.0,EVgo,7.2,Type 2,2021,No,3.8,15,Quarterly
ST0194,22.303189445524836,-77.27708027547592,"517 Main St, City 193",AC Level 2,0.339,Available,40.53,11.8,Tesla,50.0,CCS,2021,Yes,4.7,8,Weekly
ST0195,-15.926127163668909,-115.54895257823894,"773 Main St, City 194",AC Level 2,0.149,Available,26.36,12.8,ChargePoint,11.0,J1772,2017,No,4.7,6,Annually
ST0196,-14.602755300354083,33.186012732489786,"54 Main St, City 195",AC Level 2,0.221,Offline,17.92,12.4,Tesla,22.0,CHAdeMO,2019,No,4.2,18,Monthly
ST0197,34.374238253131125,-63.41083402792327,"47 Main St, City 196",DC Fast,0.429,Available,18.79,15.2,Electrify America,7.2,J1772,2015,Yes,2.1,19,Annually
ST0198,56.62433379383502,24.371466426783684,"727 Main St, City 197",AC Level 2,0.505,Available,9.29,21.8,EVgo,7.2,Type 2,2015,Yes,3.7,15,Monthly
ST0199,55.321235154465256,-103.6911854177393,"689 Main St, City 198",AC Level 1,1.521801202898986,Available,38.07,9.9,BP Pulse,11.0,CCS,2019,Yes,4.4,7,Annually
ST0200,41.3838209614911,-5.657969443554748,"521 Main St, City 199",DC Fast,0.613,Available,17.79,7.3,EVgo,7.2,Tesla,2023,No,2.1,10,Annually
ST0201,23.464114000057407,9.776829765475753,"99 Main St, City 200",AC Level 2,0.453,Available,19.58,22.8,ChargePoint,350.0,J1772,2015,Yes,3.6,6,Monthly
ST0202,-49.06180455064365,-134.45293895327194,"20 Main St, City 201",AC Level 2,0.332,Occupied,29.67,21.8,Shell Recharge,3.3,Tesla,2015,Yes,4.6,14,Quarterly
ST0203,-38.988267167700215,-49.01871654182382,"890 Main St, City 202",AC Level 2,0.45,Available,4.8,29.3,EVgo,22.0,CCS,2018,No,3.4,17,Weekly
ST0204,56.8120445085203,-109.67559691830772,"753 Main St, City 203",AC Level 2,0.532,Available,24.68,9.0,ChargePoint,7.2,J1772,2018,No,2.0,9,Annually
ST0205,18.83577775574669,-130.9875088581697,"573 Main St, City 204",AC Level 2,0.165,Offline,3.26,11.5,ChargePoint,22.0,Tesla,2016,Yes,2.0,19,Quarterly
ST0206,-58.80438328983814,146.98806971698355,"891 Main St, City 205",AC Level 2,0.325,Occupied,6.35,23.2,Tesla,350.0,Tesla,2023,No,,5,Weekly
ST0207,-46.808699427415824,-53.29384650758311,"490 Main St, City 206",AC Level 1,0.562,Occupied,6.13,9.9,EVgo,11.0,J1772,2023,Yes,2.5,7,Quarterly
ST0208,26.25522998404726,92.96233375639045,"419 Main St, City 207",AC Level 2,0.311,Available,57.61,19.3,ChargePoint,350.0,CCS,2016,No,4.0,19,Quarterly
ST0209,-59.341994099991574,-73.60780357087084,"690 Main St, City 208",DC Fast,0.415,Occupied,29.13,11.8,Tesla,11.0,Tesla,2023,,4.1,7,Weekly
ST0210,-39.09495331572518,54.45081666717877,"850 Main St, City 209",AC Level 1,0.423,Available,18.12,16.2,Blink,50.0,Type 2,2020,Yes,2.5,2,Annually
ST0211,11.335392617656197,78.06835796690598,"62 Main St, City 210",DC Fast,0.201,Available,19.48,6.0,BP Pulse,50.0,J1772,2022,No,4.7,16,Quarterly
ST0212,29.946375700050126,28.691622182353285,"145 Main St, City 211",AC Level 2,0.299,Available,12.39,14.0,Tesla,150.0,CHAdeMO,2018,Yes,3.3,13,Annually
ST0213,24.754963735338066,-8.527143434952478,"216 Main St, City 212",DC Fast,0.284,Available,44.09,0.8,Tesla,50.0,CHAdeMO,2016,No,2.4,8,Annually
ST0214,-30.844989770127228,-26.447725755819434,"3 Main St, City 213",DC Fast,0.114,Available,10.29,25.8,ChargePoint,50.0,CCS,2016,Yes,4.3,6,Annually
ST0215,32.58329877517966,-45.33952003710141,"160 Main St, City 214",AC Level 2,0.113,Available,7.18,20.7,Electrify America,11.0,Type 2,2023,Yes,4.4,6,Weekly
ST0216,-29.157618625415992,128.85874327434777,"739 Main St, City 215",DC Fast,0.557,Offline,2.67,7.0,Electrify America,11.0,Tesla,2015,No,3.9,9,Monthly
ST0217,-17.6980392392952,99.18582233631875,"998 Main St, City 216",DC Fast,0.25,Offline,23.14,33.3,Shell Recharge,350.0,CHAdeMO,2021,No,4.6,4,Annually
ST0218,37.04388266534313,139.5080731999538,"781 Main St, City 217",AC Level 2,0.385,Occupied,19.89,24.9,Electrify America,22.0,CCS,2017,No,,11,Monthly
ST0219,24.4522768761379,-112.71083295433658,"120 Main St, City 218",AC Level 2,0.264,Available,7.28,6.2,Tesla,22.0,Type 2,2017,Yes,4.6,5,Monthly
ST0220,50.39904336424313,69.26024256109326,"893 Main St, City 219",AC Level 2,0.617,Occupied,0.38,9.5,Shell Recharge,150.0,Type 2,2016,Yes,3.3,17,Quarterly
ST0221,25.489675999044636,131.50213704631136,"89 Main St, City 220",DC Fast,0.243,Available,27.4,6.4,ChargePoint,22.0,CCS,2020,Yes,4.2,7,Annually
ST0222,13.880118433611315,-95.63008015030195,"329 Main St, City 221",DC Fast,0.336,Occupied,0.17,16.4,EVgo,350.0,CCS,2016,Yes,5.0,15,Annually
ST0223,-47.82228018234798,-130.05111978996675,"580 Main St, City 222",DC Fast,0.58,Available,18.25,9.2,BP Pulse,50.0,,2018,No,4.2,15,Annually
ST0224,-12.196945602273644,72.33619478701772,"910 Main St, City 223",AC Level 2,0.563,Occupied,52.73,3.0,BP Pulse,50.0,CCS,2023,No,2.3,14,Monthly
ST0225,-25.523692201375695,22.34193395397358,"357 Main St, City 224",DC Fast,0.202,Available,8.63,12.8,Tesla,150.0,Tesla,2023,Yes,3.6,13,Weekly
ST0226,-28.281346360719134,102.54863302748163,"610 Main St, City 225",AC Level 1,0.541,Occupied,4.02,22.2,Tesla,3.3,Tesla,2020,Yes,3.8,11,Monthly
ST0227,66.49137211781793,-108.06828701211316,"267 Main St, City 226",AC Level 2,0.352,Offline,18.31,14.2,Shell Recharge,11.0,J1772,2018,Yes,2.5,13,Annually
ST0228,-8.897295793321149,88.58019355796705,"617 Main St, City 227",AC Level 1,0.366,Available,25.48,18.3,ChargePoint,22.0,Type 2,2021,Yes,4.9,9,Annually
ST0229,55.96605217302472,-89.51180398567664,"952 Main St, City 228",AC Level 2,0.173,Available,11.86,15.0,Blink,11.0,Type 2,2015,Yes,2.5,10,Annually
ST0230,22.048021379644183,-100.90321714028865,"323 Main St, City 229",AC Level 2,0.144,Offline,51.18,20.3,Tesla,50.0,Type 2,2018,No,2.5,4,Monthly
ST0231,43.3254694604143,-100.72026062070212,"635 Main St, City 230",AC Level 2,0.5,Available,0.8,15.8,Blink,350.0,J1772,2019,No,4.7,17,Annually
ST0232,5.342822103674976,94.37241606941464,"988 Main St, City 231",AC Level 2,0.373,Occupied,10.54,12.4,Blink,22.0,Tesla,2022,No,3.4,14,Quarterly
ST0233,14.997505001426688,49.559166208860034,"541 Main St, City 232",AC Level 2,0.34,Available,19.01,14.1,Electrify America,22.0,Tesla,2016,No,2.2,18,Annually
ST0234,4.027300196452302,6.919627430735801,"649 Main St, City 233",AC Level 2,0.501,Available,29.78,29.9,ChargePoint,350.0,CCS,2019,No,3.8,11,Weekly
ST0235,-34.61841158625421,-42.350854762949254,"195 Main St, City 234",AC Level 2,0.521,Available,2.96,18.9,BP Pulse,22.0,J1772,2020,No,3.8,16,Quarterly
ST0236,33.91877498399569,113.16016224393246,"921 Main St, City 235",AC Level 2,0.187,Available,24.14,7.0,BP Pulse,22.0,CCS,2019,Yes,2.2,1,Annually
ST0237,-23.499592882688745,-32.266467773209385,"738 Main St, City 236",AC Level 2,0.436,Occupied,12.07,14.0,Blink,22.0,J1772,2023,No,4.9,7,Quarterly
ST0238,-56.838924363911,94.97983184147313,"332 Main St, City 237",AC Level 1,0.174,Available,7.58,16.3,BP Pulse,350.0,CCS,2015,No,3.6,10,Annually
ST0239,23.911398467931818,-18.25952742893446,"170 Main St, City 238",AC Level 2,0.513,Available,2.12,12.1,ChargePoint,50.0,CHAdeMO,2017,Yes,3.7,9,Weekly
ST0240,-36.975611677083634,-36.91667117252773,"521 Main St, City 239",AC Level 2,0.461,Available,30.07,3.0,Electrify America,150.0,Type 2,2016,No,3.6,3,Annually
ST0241,62.259615965878865,-11.196064299118063,"463 Main St, City 240",AC Level 2,0.626,Available,2.57,7.5,ChargePoint,150.0,Type 2,2017,Yes,3.8,14,Quarterly
ST0242,64.01071501033636,-59.586637750757376,"40 Main St, City 241",AC Level 2,0.138,Occupied,5.56,10.2,Tesla,22.0,Tesla,2023,No,2.8,15,Weekly
ST0243,58.93237072865831,74.28281405287532,"537 Main St, City 242",AC Level 2,0.131,Offline,5.14,35.4,Blink,22.0,CHAdeMO,2023,No,2.9,2,Monthly
ST0244,-11.879368966792228,0.8161170277437577,"261 Main St, City 243",DC Fast,0.255,Available,30.77,17.7,ChargePoint,150.0,Type 2,2016,No,3.5,14,Weekly
ST0245,-57.99063985124724,-80.3361914559548,"395 Main St, City 244",AC Level 2,0.244,Occupied,16.75,4.3,BP Pulse,22.0,Tesla,2017,,4.4,16,Weekly
ST0246,60.6814131364043,119.87237198237057,"955 Main St, City 245",AC Level 2,0.236,Occupied,23.89,12.6,EVgo,150.0,CHAdeMO,2018,No,2.1,7,Weekly
ST0247,-4.336060718749138,-34.83263358803657,"226 Main St, City 246",AC Level 1,0.598,Available,4.32,27.4,ChargePoint,350.0,Type 2,2023,No,3.8,4,Quarterly
ST0248,65.66512647567704,13.065858334196577,"984 Main St, City 247",AC Level 2,0.237,Offline,14.71,9.1,Blink,50.0,CCS,2017,No,4.4,18,Weekly
ST0249,65.27059702160287,121.94163328936406,"124 Main St, City 248",AC Level 2,0.25,Available,12.72,23.7,Electrify America,50.0,J1772,2021,No,2.5,5,Annually
ST0250,50.891229210756805,37.27139877419762,"975 Main St, City 249",AC Level 2,0.518,Available,26.83,4.4,BP Pulse,150.0,CHAdeMO,2017,No,2.0,6,Weekly
ST0251,-21.72164403095386,-114.93058778749078,"38 Main St, City 250",AC Level 2,0.347,Occupied,35.48,1.0,Electrify America,150.0,Tesla,2021,No,2.9,7,Weekly
ST0252,-9.93729528174972,131.94963708404254,"328 Main St, City 251",AC Level 2,0.527,Available,0.18,25.7,Blink,22.0,CHAdeMO,2021,No,3.8,15,Annually
ST0253,50.64776729719139,38.312415921425355,"251 Main St, City 252",AC Level 2,0.136,Occupied,16.81,9.9,BP Pulse,7.2,Tesla,2023,No,2.4,1,Annually
ST0254,-18.8001393296839,-49.52831560287416,"901 Main St, City 253",DC Fast,0.368,Occupied,0.8,3.2,Tesla,22.0,CHAdeMO,2016,No,3.3,4,Monthly
ST0255,-37.96594293080798,-108.21837820098382,"176 Main St, City 254",DC Fast,0.118,Available,11.94,10.4,BP Pulse,50.0,Tesla,2020,No,3.7,1,Weekly
ST0256,12.38416411958552,88.20755678108878,"602 Main St, City 255",DC Fast,0.134,Occupied,5.09,14.9,Tesla,22.0,Type 2,2023,Yes,3.8,11,Quarterly
ST0257,61.70012064090153,36.02182677855404,"914 Main St, City 256",DC Fast,0.599,Available,5.5,17.3,Electrify America,50.0,CCS,2016,Yes,,18,Weekly
ST0258,30.483873567746485,10.03832759289645,"454 Main St, City 257",AC Level 1,0.177,Available,6.53,1.6,Electrify America,22.0,Type 2,2016,No,3.2,14,Weekly
ST0259,14.10795211161745,118.16777491528728,"37 Main St, City 258",AC Level 1,0.393,Occupied,14.56,8.6,Blink,50.0,CCS,2019,Yes,4.3,11,Annually
ST0260,-47.36705580980009,86.57916336735923,"316 Main St, City 259",AC Level 1,0.326,Offline,6.1,13.8,Tesla,11.0,Type 2,2022,Yes,4.8,10,Monthly
ST0261,19.950939470892067,-104.49753608017465,"688 Main St, City 260",AC Level 2,0.291,Available,19.79,17.3,Electrify America,50.0,Type 2,2023,No,4.6,17,Weekly
ST0262,68.70700051355422,-56.48337966133553,"973 Main St, City 261",DC Fast,0.595,Available,7.78,6.9,Tesla,50.0,CHAdeMO,2016,Yes,3.7,4,Quarterly
ST0263,-41.789078019251875,-75.45325805566027,"796 Main St, City 262",AC Level 2,0.112,Occupied,1.06,11.7,Electrify America,11.0,J1772,2019,Yes,3.2,15,Weekly
ST0264,7.382854807285781,73.18388777180309,"965 Main St, City 263",DC Fast,0.465,Occupied,22.97,9.1,BP Pulse,11.0,Tesla,2021,,3.0,16,Quarterly
ST0265,54.05849935063421,-139.9402695792662,"973 Main St, City 264",AC Level 1,0.63,Occupied,5.05,15.2,ChargePoint,50.0,Tesla,2020,No,2.4,13,Annually
ST0266,36.29992030804658,20.96690546139496,"593 Main St, City 265",DC Fast,0.408,Available,8.5,25.2,EVgo,22.0,Tesla,2020,No,2.3,9,Monthly
ST0267,30.61204632938484,78.73760572220715,"114 Main St, City 266",AC Level 2,0.615,Available,17.35,10.8,BP Pulse,11.0,CCS,2021,No,4.1,11,Weekly
ST0268,31.322930918324204,113.02969102852484,"40 Main St, City 267",AC Level 1,0.129,Available,6.06,5.0,Shell Recharge,350.0,Tesla,2017,No,2.8,11,Monthly
ST0269,-13.266150341431825,-47.37547538522776,"301 Main St, City 268",AC Level 2,0.33,Occupied,0.87,8.3,ChargePoint,50.0,Tesla,2017,Yes,2.8,6,Weekly
ST0270,-21.83306024561586,96.37719140160385,"224 Main St, City 269",AC Level 2,0.243,Available,7.02,33.1,Shell Recharge,350.0,,2023,No,5.0,1,Quarterly
ST0271,45.21695021220677,-116.81047891343783,"318 Main St, City 270",AC Level 2,0.502,Available,43.36,7.5,Electrify America,22.0,Type 2,2022,No,2.6,6,Monthly
ST0272,45.31474130829349,103.93568752035546,"349 Main St, City 271",AC Level 2,0.64,Offline,15.4,5.7,EVgo,22.0,Tesla,2019,Yes,2.4,13,Weekly
ST0273,52.719401415413486,-111.75340130040527,"115 Main St, City 272",DC Fast,0.241,Available,16.7,10.4,EVgo,150.0,J1772,2020,Yes,2.3,5,Annually
ST0274,58.72127183234127,-30.81381283188982,"698 Main St, City 273",AC Level 2,0.46,Offline,15.01,12.6,Electrify America,50.0,Tesla,2015,No,3.7,15,Quarterly
ST0275,6.474511851921918,89.18860973386609,"323 Main St, City 274",AC Level 2,0.209,Occupied,3.33,9.5,Electrify America,50.0,CCS,2015,Yes,3.9,18,Monthly
ST0276,5.1971183093359485,-105.02477179536787,"568 Main St, City 275",AC Level 2,0.411,Occupied,8.13,4.4,Tesla,11.0,CCS,2018,No,3.1,14,Weekly
ST0277,43.77837326568077,-81.22458143020755,"40 Main St, City 276",DC Fast,0.355,Available,20.85,16.1,Electrify America,22.0,CCS,2016,Yes,3.6,15,Monthly
ST0278,24.49531100110947,66.67577051791989,"866 Main St, City 277",AC Level 2,0.635,Available,1.6,15.3,Blink,7.2,Tesla,2021,No,4.4,5,Weekly
ST0279,31.255694043501435,66.0109609638223,"40 Main St, City 278",AC Level 2,0.435,Occupied,4.88,19.8,Electrify America,11.0,CHAdeMO,2016,No,,4,Quarterly
ST0280,43.45304702669314,42.34428986558919,"859 Main St, City 279",AC Level 1,0.292,Occupied,4.85,15.1,Blink,3.3,J1772,2016,Yes,4.9,2,Annually
ST0281,55.70069443628361,58.18453334013,"973 Main St, City 280",AC Level 1,0.163,Occupied,8.49,31.6,Electrify America,3.3,Tesla,2019,Yes,4.5,7,Quarterly
ST0282,-16.060629609300342,12.81733300427885,"749 Main St, City 281",AC Level 2,0.183,Available,58.96,20.7,Tesla,350.0,CHAdeMO,2018,No,3.7,10,Monthly
ST0283,-11.174216156807276,-74.46028232791417,"289 Main St, City 282",AC Level 1,0.224,Occupied,1.05,18.4,Blink,11.0,CHAdeMO,2022,No,2.5,16,Monthly
ST0284,-47.78234782068703,-46.29120194882417,"262 Main St, City 283",AC Level 2,0.238,Occupied,10.97,25.7,ChargePoint,50.0,Tesla,2018,No,2.3,10,Weekly
ST0285,15.17641832950261,-95.52068495957229,"216 Main St, City 284",DC Fast,0.568,Occupied,2.97,14.5,Blink,150.0,Tesla,2020,No,2.2,18,Quarterly
ST0286,-55.32750440642353,122.53516840008848,"147 Main St, City 285",AC Level 1,0.409,Occupied,52.94,11.9,BP Pulse,50.0,CHAdeMO,2019,No,4.0,17,Weekly
ST0287,0.5277423572198217,25.01753842983615,"336 Main St, City 286",AC Level 2,0.388,Occupied,1.8,16.0,Tesla,11.0,CHAdeMO,2016,Yes,4.4,13,Quarterly
ST0288,10.543802511984964,-29.744574970908033,"168 Main St, City 287",AC Level 2,2.904360581710805,Occupied,7.75,2.9,Shell Recharge,50.0,CHAdeMO,2022,Yes,3.5,1,Monthly
ST0289,-22.749637223323028,-11.39825890676019,"92 Main St, City 288",DC Fast,0.573,Available,20.08,14.5,Blink,50.0,Tesla,2016,Yes,2.2,1,Weekly
ST0290,16.808323873971403,134.1850018835446,"353 Main St, City 289",AC Level 2,0.498,Available,18.29,12.6,BP Pulse,50.0,CHAdeMO,2023,No,3.6,15,Weekly
ST0291,-56.034967507923575,-103.99457906517594,"571 Main St, City 290",DC Fast,0.137,Available,8.24,17.1,BP Pulse,150.0,CCS,2023,Yes,4.8,1,Quarterly
ST0292,-55.14473546260213,25.868949605039177,"571 Main St, City 291",AC Level 2,0.489,Available,6.38,23.8,BP Pulse,350.0,Tesla,2017,Yes,3.8,6,Annually
ST0293,46.938072885755574,1.766603665339801,"816 Main St, City 292",AC Level 1,0.399,Available,7.6,18.7,Electrify America,50.0,CCS,2018,No,4.4,13,Quarterly
ST0294,-13.175216616535828,33.43627063039435,"681 Main St, City 293",AC Level 2,0.145,Available,4.6,119.58946390849084,BP Pulse,22.0,Type 2,2022,No,4.4,1,Annually
ST0295,-43.48213335525497,-144.56694485374786,"781 Main St, City 294",DC Fast,0.352,Available,3.45,21.6,Electrify America,50.0,Tesla,2023,Yes,4.8,5,Quarterly
ST0296,7.891623807124574,111.63717268324547,"363 Main St, City 295",AC Level 2,0.367,Available,9.9,31.8,Shell Recharge,7.2,Type 2,2017,Yes,,9,Monthly
ST0297,40.099161902819404,129.63548474508372,"557 Main St, City 296",DC Fast,0.191,Occupied,4.69,24.1,Tesla,150.0,CHAdeMO,2019,No,4.2,17,Weekly
ST0298,-31.943266425410386,19.53995507676268,"345 Main St, City 297",DC Fast,0.62,Offline,5.08,5.3,EVgo,7.2,CHAdeMO,2022,No,2.7,16,Quarterly
ST0299,20.97576185647003,58.99524716306769,"693 Main St, City 298",AC Level 2,0.567,Available,16.04,18.6,Electrify America,22.0,J1772,2017,No,2.2,8,Monthly
ST0300,-48.90482955081016,126.7498143531887,"170 Main St, City 299",AC Level 2,0.468,Offline,51.88,5.9,BP Pulse,150.0,,2021,Yes,3.6,17,Quarterly
ST0301,-53.281376248081,62.17159029401958,"356 Main St, City 300",AC Level 2,0.354,Available,13.88,11.2,BP Pulse,50.0,Type 2,2022,No,2.4,15,Weekly
ST0302,9.076102103859242,-104.2382871257216,"191 Main St, City 301",AC Level 2,0.326,Available,1.2,16.8,ChargePoint,22.0,CHAdeMO,2017,No,,1,Quarterly
ST0303,10.282565809313851,22.886508050043943,"667 Main St, City 302",DC Fast,0.458,Available,1.18,15.5,BP Pulse,22.0,Tesla,2016,Yes,2.9,12,Annually
ST0304,22.865887194766856,32.014513914856764,"422 Main St, City 303",DC Fast,0.4,Available,45.37,23.9,Tesla,150.0,CHAdeMO,2021,No,4.6,5,Weekly
ST0305,34.391873383946006,-22.760798609284194,"700 Main St, City 304",AC Level 2,0.134,Occupied,5.29,31.9,Blink,22.0,J1772,2023,Yes,3.2,6,Annually
ST0306,66.8607703301295,70.93327068741684,"7 Main St, City 305",AC Level 2,0.382,Occupied,1.45,17.8,Blink,150.0,CHAdeMO,2015,Yes,,1,Monthly
ST0307,7.119045279155387,130.31010443070443,"133 Main St, City 306",DC Fast,0.544,Available,13.71,10.6,BP Pulse,7.2,Type 2,2017,No,4.8,1,Monthly
ST0308,-18.015658517638023,127.67055387203288,"747 Main St, City 307",AC Level 2,0.353,Available,14.66,3.0,ChargePoint,150.0,Type 2,2019,Yes,3.1,10,Quarterly
ST0309,43.37420531993148,-14.748188578760363,"557 Main St, City 308",DC Fast,0.129,Available,15.68,27.3,Electrify America,150.0,CHAdeMO,2017,Yes,3.2,10,Annually
ST0310,-24.79180733593035,-116.02858624777343,"826 Main St, City 309",AC Level 2,0.532,Available,4.67,12.6,Tesla,11.0,Type 2,2015,No,,3,Annually
ST0311,-2.9337153082673098,145.45235968870037,"761 Main St, City 310",AC Level 2,0.211,Available,0.23,13.0,ChargePoint,22.0,Type 2,2021,No,4.0,17,Weekly
ST0312,-49.80067042550542,101.66942593378025,"31 Main St, City 311",AC Level 1,0.242,Available,50.29,13.7,Electrify America,11.0,J1772,2021,No,2.9,19,Annually
ST0313,-56.70440335599052,-112.60119563901995,"535 Main St, City 312",AC Level 2,0.191,Occupied,4.33,17.3,Tesla,50.0,Tesla,2022,No,3.8,11,Annually
ST0314,65.14429390813025,126.25256478521169,"426 Main St, City 313",AC Level 2,0.282,Offline,16.91,17.6,BP Pulse,50.0,J1772,2019,Yes,3.8,18,Weekly
ST0315,48.677415666586754,110.96890861863847,"394 Main St, City 314",AC Level 2,0.516,Available,18.39,11.3,Blink,50.0,CCS,2019,No,4.2,2,Weekly
ST0316,30.47664679218073,5.651417137821625,"672 Main St, City 315",AC Level 1,0.386,Offline,14.12,12.5,Tesla,11.0,J1772,2019,No,,9,Annually
ST0317,-6.836117226144914,27.38263072347877,"363 Main St, City 316",DC Fast,0.213,Available,5.63,81.85734621931249,BP Pulse,11.0,CHAdeMO,2015,No,3.5,17,Quarterly
ST0318,-37.47173839079005,-30.299188838960916,"437 Main St, City 317",DC Fast,0.583,Available,4.74,8.3,Shell Recharge,3.3,Tesla,2019,No,3.0,14,Weekly
ST0319,-39.66318445275881,-133.57150835339058,"670 Main St, City 318",AC Level 2,0.584,Available,13.66,8.3,EVgo,22.0,CHAdeMO,2020,No,4.5,4,Weekly
ST0320,-27.468423238602604,-49.440827506229724,"551 Main St, City 319",AC Level 1,0.579,Occupied,30.16,12.5,Tesla,50.0,CCS,2015,No,2.9,17,Annually
ST0321,11.399466411795657,90.85603457940343,"927 Main St, City 320",AC Level 1,0.231,Offline,43.99,7.3,EVgo,150.0,Tesla,2021,No,3.5,17,Annually
ST0322,32.897469951008105,-148.61039309861914,"82 Main St, City 321",AC Level 2,0.348,Occupied,1.68,0.9,Tesla,50.0,Type 2,2015,Yes,3.2,12,Weekly
ST0323,25.825658973305067,-49.95024849265674,"356 Main St, City 322",AC Level 2,0.642,Available,2.52,10.5,EVgo,22.0,J1772,2016,No,4.6,18,Annually
ST0324,-23.608593397027434,-30.549391922717007,"258 Main St, City 323",AC Level 2,0.525,Occupied,43.43,5.6,Shell Recharge,350.0,CHAdeMO,2016,,3.3,3,Weekly
ST0325,64.13248648621523,11.218680881376855,"718 Main St, City 324",AC Level 2,0.115,Available,20.01,14.2,Blink,50.0,CCS,2019,Yes,3.2,11,Quarterly
ST0326,35.926599170449904,125.95668492382816,"589 Main St, City 325",AC Level 2,0.136,Occupied,32.18,9.0,Electrify America,350.0,Type 2,2021,,4.1,18,Quarterly
ST0327,12.066026826482087,-46.09620169021163,"989 Main St, City 326",AC Level 2,0.355,Available,3.4,17.4,EVgo,50.0,J1772,2015,No,3.8,4,Weekly
ST0328,19.523697010465796,-45.9140394311317,"524 Main St, City 327",AC Level 2,0.6,Available,13.29,6.0,Shell Recharge,11.0,Type 2,2015,No,2.3,17,Weekly
ST0329,-5.451991884387311,71.2503744329245,"295 Main St, City 328",DC Fast,0.396,Available,18.12,3.5,EVgo,7.2,J1772,2015,No,3.5,18,Monthly
ST0330,-27.79497136484953,-14.334617733057854,"962 Main St, City 329",AC Level 1,0.374,Occupied,17.1,12.6,Blink,50.0,Tesla,2020,No,,5,Monthly
ST0331,-13.723551775335991,-82.61855311800541,"224 Main St, City 330",AC Level 2,0.158,Available,7.87,10.2,EVgo,7.2,Type 2,2016,,5.0,14,Annually
ST0332,38.51999436036799,-14.268145160191978,"525 Main St, City 331",AC Level 2,0.461,Occupied,0.23,5.2,Shell Recharge,22.0,Type 2,2015,Yes,3.9,10,Annually
ST0333,-58.128846478131734,-107.74289388606005,"46 Main St, City 332",AC Level 2,0.552,Available,13.12,20.7,BP Pulse,50.0,Type 2,2020,Yes,,15,Weekly
ST0334,-44.91055673410089,-97.08390404813301,"667 Main St, City 333",DC Fast,0.309,Occupied,4.38,6.7,Shell Recharge,50.0,Tesla,2016,No,2.7,1,Weekly
ST0335,-54.01965653717214,-0.4896681781560801,"113 Main St, City 334",AC Level 2,0.527,Occupied,8.97,8.1,ChargePoint,50.0,CCS,2020,No,4.6,16,Monthly
ST0336,-54.70525569853388,-24.322365148635626,"233 Main St, City 335",DC Fast,0.63,Occupied,47.4,23.0,Blink,11.0,J1772,2022,,4.4,11,Monthly
ST0337,51.209875921430935,124.45377032043001,"17 Main St, City 336",AC Level 1,0.212,Available,7.64,18.0,BP Pulse,22.0,Type 2,2016,No,2.7,6,Weekly
ST0338,31.475521719403076,-41.28183026501007,"360 Main St, City 337",AC Level 1,0.388,Available,27.47,6.2,ChargePoint,50.0,Tesla,2023,Yes,2.6,16,Quarterly
ST0339,1.642597781352272,24.176505083413048,"223 Main St, City 338",DC Fast,0.258,Available,3.13,10.8,Blink,350.0,CCS,2022,No,4.1,2,Quarterly
ST0340,-47.28155911536981,39.67928637585911,"866 Main St, City 339",AC Level 2,0.536,Occupied,16.74,5.8,BP Pulse,50.0,J1772,2015,No,2.9,1,Annually
ST0341,3.9100637651882053,-146.07166302349992,"700 Main St, City 340",AC Level 2,0.418,Available,56.59,22.0,EVgo,350.0,Tesla,2021,No,2.9,9,Weekly
ST0342,1.5513302014735402,49.06121160501317,"448 Main St, City 341",AC Level 1,0.449,Available,1.61,22.0,BP Pulse,150.0,J1772,2020,Yes,2.5,12,Weekly
ST0343,-37.48375691169802,-96.58920993907458,"856 Main St, City 342",AC Level 1,0.539,Available,0.13,34.5,Shell Recharge,50.0,Type 2,2020,No,2.8,17,Annually
ST0344,-3.5992855990635064,138.32109524083654,"365 Main St, City 343",DC Fast,0.318,Available,8.53,42.0,ChargePoint,11.0,CCS,2020,No,3.3,15,Monthly
ST0345,-8.194384528341452,-105.40118167406612,"675 Main St, City 344",AC Level 1,0.603,Occupied,1.46,85.14496241756768,EVgo,50.0,Tesla,2020,Yes,4.2,19,Monthly
ST0346,20.060512746788135,-25.612762881892877,"326 Main St, City 345",AC Level 2,0.393,Available,20.7,20.0,Shell Recharge,50.0,CCS,2021,,3.0,10,Quarterly
ST0347,22.562174612793697,-124.39509957640684,"467 Main St, City 346",AC Level 2,0.187,Occupied,36.9,3.1,Blink,50.0,Type 2,2017,No,3.0,12,Weekly
ST0348,-54.11047872963421,149.06227555378422,"414 Main St, City 347",AC Level 2,0.483,Available,8.54,14.9,BP Pulse,22.0,CCS,2020,No,2.9,14,Monthly
ST0349,-11.300360098558741,0.6585030993727798,"455 Main St, City 348",AC Level 1,0.536,Available,4.49,17.1,Shell Recharge,50.0,CCS,2017,No,3.4,9,Quarterly
ST0350,21.36178904285073,28.615505196013146,"586 Main St, City 349",AC Level 2,0.274,Available,8.55,7.0,EVgo,22.0,CHAdeMO,2021,No,2.5,13,Quarterly
ST0351,5.407713615411396,-129.87705678347174,"233 Main St, City 350",AC Level 1,0.571,Available,19.28,8.5,ChargePoint,50.0,CCS,2021,No,,3,Quarterly
ST0352,51.34367935448189,74.98814111975335,"224 Main St, City 351",DC Fast,0.598,Available,0.14,22.1,ChargePoint,11.0,J1772,2022,Yes,4.1,14,Monthly
ST0353,25.63017211046285,-87.02832207132427,"994 Main St, City 352",AC Level 2,0.252,Occupied,13.35,17.4,BP Pulse,150.0,Tesla,2016,Yes,2.1,10,Monthly
ST0354,-38.81852447941414,119.4162868322141,"831 Main St, City 353",AC Level 2,0.641,Available,14.25,32.1,Shell Recharge,11.0,CHAdeMO,2023,Yes,2.0,16,Weekly
ST0355,-50.82606283794412,-88.45810785539786,"412 Main St, City 354",DC Fast,0.177,Occupied,15.23,30.0,EVgo,7.2,Tesla,2019,No,2.2,7,Weekly
ST0356,23.514506166821036,-92.79368380090003,"572 Main St, City 355",AC Level 2,0.211,Available,4.16,3.9,Tesla,22.0,Tesla,2023,No,3.6,4,Quarterly
ST0357,-56.553529629589164,-139.03509964557153,"335 Main St, City 356",AC Level 2,0.201,Available,18.78,9.5,Blink,50.0,Type 2,2019,No,4.6,11,Quarterly
ST0358,16.150825565550235,-8.379916467000214,"222 Main St, City 357",AC Level 2,0.592,Occupied,1.44,6.5,Blink,22.0,Type 2,2021,No,2.0,16,Monthly
ST0359,62.229931385244484,19.45233997878492,"37 Main St, City 358",AC Level 2,0.46,Available,3.33,20.5,EVgo,11.0,CHAdeMO,2023,No,4.8,4,Monthly
ST0360,14.811643123864258,-130.2874081714943,"989 Main St, City 359",AC Level 2,0.184,Available,31.49,15.8,Tesla,50.0,Type 2,2018,No,2.3,17,Weekly
ST0361,-9.53790959315215,82.65828500850319,"278 Main St, City 360",DC Fast,0.342,Available,20.13,6.8,ChargePoint,22.0,Type 2,2016,Yes,4.5,13,Weekly
ST0362,23.627468397505908,-14.013349575591718,"196 Main St, City 361",AC Level 2,0.438,Available,0.21,7.5,BP Pulse,350.0,Type 2,2023,No,3.4,11,Annually
ST0363,-0.42712423610284134,7.31708079827402,"916 Main St, City 362",AC Level 2,0.146,Occupied,4.28,26.4,Electrify America,350.0,Tesla,2016,No,4.0,3,Weekly
ST0364,10.930182611071544,-17.771175918531554,"864 Main St, City 363",DC Fast,0.585,Available,3.62,10.2,Electrify America,50.0,CHAdeMO,2017,No,3.5,9,Monthly
ST0365,62.39042514094827,-29.7710817374022,"484 Main St, City 364",AC Level 2,0.542,Occupied,4.74,2.7,BP Pulse,22.0,Tesla,2016,No,,6,Quarterly
ST0366,-9.806657085899346,17.892099392465354,"242 Main St, City 365",AC Level 1,0.378,Occupied,4.27,6.4,EVgo,50.0,J1772,2017,No,4.5,11,Annually
ST0367,64.95477329710884,-103.42792622078625,"324 Main St, City 366",AC Level 2,0.632,Available,0.97,35.8,Tesla,3.3,Tesla,2020,Yes,4.3,16,Weekly
ST0368,57.69558345428828,-95.42156085141866,"731 Main St, City 367",DC Fast,0.33,Offline,9.21,23.4,Tesla,22.0,J1772,2017,No,,19,Weekly
ST0369,-34.547152477391464,108.53568630405516,"192 Main St, City 368",AC Level 1,0.641,Available,19.79,5.5,Blink,22.0,CCS,2022,No,2.3,5,Monthly
ST0370,-50.98303088622849,133.8346386400898,"17 Main St, City 369",AC Level 2,0.467,Offline,14.0,14.9,ChargePoint,350.0,CCS,2020,No,2.3,14,Annually
ST0371,-46.89885982093453,-38.00720511607412,"524 Main St, City 370",AC Level 2,0.449,Available,16.76,22.6,Shell Recharge,3.3,J1772,2021,No,4.4,17,Weekly
ST0372,-57.63116266529853,-68.77659805693386,"918 Main St, City 371",AC Level 2,0.191,Occupied,1.27,3.8,Tesla,50.0,J1772,2015,No,3.6,3,Quarterly
ST0373,-47.72241510172931,43.19986297170473,"401 Main St, City 372",AC Level 1,0.585,Available,45.39,24.0,BP Pulse,50.0,Tesla,2017,No,3.4,4,Monthly
ST0374,28.790880544126395,-27.379748670571075,"906 Main St, City 373",AC Level 2,0.335,Available,27.35,17.3,Shell Recharge,22.0,J1772,2017,No,4.0,16,Annually
ST0375,-50.74547570017023,-142.38409330189654,"886 Main St, City 374",DC Fast,0.189,Occupied,24.53,8.2,Electrify America,7.2,CHAdeMO,2016,No,4.6,16,Weekly
ST0376,-18.533168061811033,-103.15422079014289,"705 Main St, City 375",AC Level 2,0.107,Occupied,25.97,18.9,Shell Recharge,350.0,CCS,2021,No,3.9,4,Weekly
ST0377,49.8337904260291,64.79166865421925,"22 Main St, City 376",AC Level 2,0.408,Available,40.48,15.9,ChargePoint,50.0,CCS,2023,No,4.3,19,Annually
ST0378,-56.974648354342634,47.6771825730454,"474 Main St, City 377",DC Fast,0.39,Available,11.79,16.6,BP Pulse,50.0,J1772,2018,No,4.3,17,Monthly
ST0379,45.88090273656165,-141.87120224895494,"120 Main St, City 378",DC Fast,0.496,Occupied,3.35,14.6,ChargePoint,11.0,Type 2,2019,No,3.1,13,Annually
ST0380,-23.35887927945801,-83.40835142011517,"210 Main St, City 379",AC Level 2,0.59,Occupied,14.39,7.4,Shell Recharge,22.0,Type 2,2017,Yes,2.8,1,Annually
ST0381,-44.63857240918469,-80.67756102357858,"306 Main St, City 380",AC Level 2,0.144,Offline,20.37,8.3,EVgo,22.0,J1772,2023,No,4.4,12,Monthly
ST0382,30.57583149733958,51.567823079618535,"270 Main St, City 381",AC Level 1,0.502,Occupied,20.09,11.5,Tesla,7.2,CHAdeMO,2018,Yes,3.1,4,Weekly
ST0383,21.762570081384922,-144.08683867369075,"704 Main St, City 382",DC Fast,0.203,Offline,11.05,13.7,BP Pulse,7.2,Type 2,2019,No,4.7,11,Quarterly
ST0384,54.071361758516886,-118.76742540462784,"687 Main St, City 383",DC Fast,0.572,Occupied,1.06,19.5,EVgo,150.0,J1772,2015,Yes,2.2,5,Monthly
ST0385,35.55923569450515,89.97482561195682,"285 Main St, City 384",AC Level 2,0.55,Available,6.96,36.3,Shell Recharge,11.0,CHAdeMO,2016,Yes,2.2,2,Quarterly
ST0386,44.45252095003032,-96.43660138369992,"716 Main St, City 385",DC Fast,0.397,Available,38.03,15.3,Tesla,11.0,CHAdeMO,2023,,4.8,17,Weekly
ST0387,-23.33550556573016,45.823832355562416,"676 Main St, City 386",AC Level 2,0.491,Occupied,13.17,19.3,Blink,50.0,Tesla,2016,Yes,3.9,8,Annually
ST0388,-36.93285930863603,-78.54516568598204,"763 Main St, City 387",AC Level 2,0.273,Occupied,11.59,21.9,EVgo,150.0,CHAdeMO,2019,Yes,3.1,6,Quarterly
ST0389,37.57991771331159,-120.16758217219646,"227 Main St, City 388",AC Level 1,0.359,Available,4.7,20.1,EVgo,7.2,Type 2,2022,No,4.3,9,Weekly
ST0390,44.888516104744326,-77.04834270016377,"948 Main St, City 389",DC Fast,0.552,Available,6.89,7.2,Shell Recharge,50.0,Type 2,2017,No,4.0,13,Weekly
ST0391,68.76566846008754,66.68007955669773,"381 Main St, City 390",AC Level 1,0.353,Offline,33.86,27.7,Electrify America,7.2,J1772,2020,No,3.6,11,Annually
ST0392,-6.359702001514556,106.70894043188571,"460 Main St, City 391",DC Fast,0.297,Available,16.47,25.4,Shell Recharge,3.3,J1772,2018,No,2.3,16,Annually
ST0393,-11.637648846938191,99.06595937009749,"7 Main St, City 392",DC Fast,0.372,Available,23.22,14.5,EVgo,7.2,CHAdeMO,2021,Yes,4.4,16,Weekly
ST0394,40.933684896459596,-30.844941114463552,"29 Main St, City 393",DC Fast,0.556,Available,9.09,7.5,Tesla,150.0,CCS,2017,No,4.6,2,Weekly
ST0395,-15.695539767107682,50.42554097119384,"907 Main St, City 394",AC Level 1,0.284,Available,14.92,13.6,Electrify America,7.2,Tesla,2020,Yes,2.5,10,Quarterly
ST0396,60.998452328463415,-88.5047113752537,"33 Main St, City 395",AC Level 2,0.196,Available,4.28,4.2,Shell Recharge,3.3,CCS,2023,Yes,4.6,12,Weekly
ST0397,51.593657739591535,-62.05568092169602,"646 Main St, City 396",AC Level 2,0.492,Available,18.34,29.8,BP Pulse,22.0,CHAdeMO,2015,No,4.6,8,Weekly
ST0398,-4.230776441247613,118.90074555633595,"879 Main St, City 397",AC Level 2,0.554,Available,8.37,8.8,Shell Recharge,150.0,CHAdeMO,2017,Yes,3.6,11,Quarterly
ST0399,37.613238812894664,-146.09942294677919,"79 Main St, City 398",AC Level 1,0.155,Occupied,8.77,11.1,EVgo,11.0,CCS,2016,No,4.0,10,Monthly
ST0400,38.09057363100871,-124.34744074365958,"928 Main St, City 399",DC Fast,0.232,Available,15.72,28.6,EVgo,22.0,Tesla,2022,Yes,3.1,13,Quarterly
ST0401,-46.59389705132876,-87.6341234561918,"947 Main St, City 400",AC Level 2,0.178,Occupied,41.3,26.7,Blink,3.3,CCS,2021,No,2.8,17,Quarterly
ST0402,57.33187786834367,-142.04033883785408,"459 Main St, City 401",AC Level 2,0.291,Occupied,0.99,16.3,Shell Recharge,22.0,J1772,2016,No,4.2,7,Annually
ST0403,5.682808418221427,-95.5693694730608,"570 Main St, City 402",AC Level 2,0.348,Available,26.12,32.2,EVgo,50.0,,2020,Yes,4.6,3,Quarterly
ST0404,47.43947059400641,24.91246829090764,"983 Main St, City 403",AC Level 2,0.512,Occupied,5.19,7.0,BP Pulse,50.0,J1772,2017,No,4.0,13,Weekly
ST0405,-18.393551866020474,-23.57263482225062,"538 Main St, City 404",AC Level 2,0.458,Available,8.8,16.3,ChargePoint,22.0,Type 2,2022,Yes,3.5,19,Weekly
ST0406,56.418019704506065,117.80151332309248,"482 Main St, City 405",AC Level 2,0.442,Occupied,0.33,7.0,Electrify America,22.0,CHAdeMO,2017,No,2.5,7,Weekly
ST0407,-9.403781764558794,95.23306852153226,"430 Main St, City 406",DC Fast,0.294,Available,5.37,24.5,ChargePoint,7.2,Tesla,2023,Yes,2.2,9,Monthly
ST0408,-58.591105307561214,-47.45479449063721,"738 Main St, City 407",AC Level 2,0.563,Occupied,10.48,24.0,Electrify America,22.0,CCS,2015,No,3.3,19,Weekly
ST0409,57.699656934504276,-72.17296997061226,"285 Main St, City 408",DC Fast,0.359,Occupied,0.87,33.5,BP Pulse,7.2,Tesla,2019,No,2.1,13,Monthly
ST0410,-48.13273201780264,-36.092277549819926,"516 Main St, City 409",DC Fast,0.639,Available,10.13,13.3,Shell Recharge,150.0,CCS,2017,Yes,3.7,8,Weekly
ST0411,-18.489227113246066,27.08848275444231,"977 Main St, City 410",AC Level 2,0.449,Available,39.28,38.6,Blink,350.0,J1772,2020,No,3.1,18,Quarterly
ST0412,63.508055716604645,-69.58090775313713,"99 Main St, City 411",DC Fast,0.169,Occupied,1.67,6.6,EVgo,350.0,J1772,2016,No,4.3,2,Annually
ST0413,63.578929101882295,37.2446723547402,"397 Main St, City 412",AC Level 1,0.472,Occupied,21.69,12.9,EVgo,150.0,CCS,2023,No,2.9,18,Weekly
ST0414,14.546925456027196,-27.176504342627865,"489 Main St, City 413",DC Fast,0.279,Available,7.91,6.8,EVgo,50.0,Tesla,2020,No,3.8,18,Monthly
ST0415,22.138837582073904,15.614154255594059,"39 Main St, City 414",AC Level 2,0.477,Occupied,15.97,15.0,Shell Recharge,50.0,CCS,2021,Yes,3.6,11,Monthly
ST0416,-1.7020821428184263,-19.162041259404987,"271 Main St, City 415",DC Fast,0.138,Available,4.52,7.2,Electrify America,11.0,CHAdeMO,2019,No,,1,Annually
ST0417,-21.882599679251612,-61.6602721374247,"887 Main St, City 416",DC Fast,0.196,Occupied,2.61,95.09550499899105,BP Pulse,50.0,J1772,2023,Yes,2.2,14,Weekly
ST0418,-17.273609101910928,134.535992088647,"797 Main St, City 417",DC Fast,0.571,Available,2.62,17.6,EVgo,22.0,CHAdeMO,2015,Yes,2.9,16,Quarterly
ST0419,27.42739929001499,79.08173824792826,"157 Main St, City 418",DC Fast,0.225,Occupied,1.1,6.3,ChargePoint,22.0,J1772,2019,No,4.6,11,Weekly
ST0420,37.808688826898404,-107.96604727006424,"75 Main St, City 419",AC Level 2,0.56,Available,3.08,21.4,EVgo,150.0,J1772,2020,No,2.4,1,Weekly
ST0421,42.905275684360305,110.54039276937385,"884 Main St, City 420",AC Level 1,0.254,Available,16.37,31.0,Shell Recharge,11.0,Type 2,2021,No,4.1,7,Annually
ST0422,42.650358563292,-3.770640525145893,"800 Main St, City 421",AC Level 2,0.454,Available,32.02,18.6,BP Pulse,22.0,CHAdeMO,2018,Yes,4.9,16,Weekly
ST0423,-48.14320660367025,118.36566806822742,"130 Main St, City 422",AC Level 1,0.482,Available,25.24,5.0,Blink,350.0,CHAdeMO,2015,No,4.4,14,Quarterly
ST0424,4.274639611335587,89.95657678419457,"687 Main St, City 423",AC Level 2,0.382,Available,17.33,12.2,BP Pulse,7.2,Type 2,2022,Yes,2.7,15,Monthly
ST0425,-52.517361197836244,-22.435948659229965,"974 Main St, City 424",AC Level 2,0.268,Available,1.76,20.0,ChargePoint,22.0,Tesla,2018,Yes,4.7,14,Annually
ST0426,11.438754702085618,-143.25920750396477,"84 Main St, City 425",DC Fast,0.217,Occupied,5.12,11.4,EVgo,350.0,CHAdeMO,2017,Yes,2.3,11,Quarterly
ST0427,-2.601034821460985,-69.39679218451617,"22 Main St, City 426",AC Level 2,0.118,Available,5.56,6.6,EVgo,50.0,CCS,2021,No,3.4,16,Monthly
ST0428,55.40154375857897,12.49026439826008,"459 Main St, City 427",DC Fast,0.267,Available,4.31,26.1,Tesla,50.0,Type 2,2016,No,4.7,19,Annually
ST0429,-14.38104836822977,40.04346594784417,"539 Main St, City 428",AC Level 1,0.459,Available,10.85,11.1,Electrify America,11.0,CHAdeMO,2022,Yes,3.9,17,Annually
ST0430,-44.78128786441124,-72.63369437003931,"707 Main St, City 429",DC Fast,0.616,Available,11.5,31.0,ChargePoint,22.0,Tesla,2020,No,3.2,6,Monthly
ST0431,-41.411081333131335,-108.19317777815276,"849 Main St, City 430",DC Fast,0.579,Available,6.62,9.5,Tesla,150.0,CHAdeMO,2021,Yes,2.9,11,Monthly
ST0432,38.99638212327139,100.47907103978974,"382 Main St, City 431",AC Level 2,0.521,Available,6.55,10.7,BP Pulse,50.0,J1772,2019,No,3.1,17,Quarterly
ST0433,20.36834823111394,145.32065421106563,"748 Main St, City 432",AC Level 2,0.534,Available,26.45,9.0,Blink,50.0,CCS,2023,No,3.5,9,Weekly
ST0434,-46.854052104037265,7.707054690805762,"440 Main St, City 433",DC Fast,2.3657574399359946,Available,23.36,12.0,Electrify America,7.2,Type 2,2019,No,3.0,18,Weekly
ST0435,-49.06611520505034,-98.49621424550895,"604 Main St, City 434",AC Level 1,0.243,Available,5.52,17.4,ChargePoint,3.3,J1772,2019,,,17,Weekly
ST0436,31.125987089685594,-68.30780204418932,"989 Main St, City 435",AC Level 2,0.599,Available,36.76,6.8,EVgo,350.0,Tesla,2017,No,4.8,12,Weekly
ST0437,-50.54080917265484,-144.48279703575997,"21 Main St, City 436",AC Level 2,0.469,Available,45.81,6.0,BP Pulse,22.0,J1772,2015,No,4.6,5,Weekly
ST0438,46.84180770774631,124.28964196814968,"303 Main St, City 437",AC Level 1,0.408,Available,5.93,3.8,ChargePoint,50.0,J1772,2016,No,3.3,11,Quarterly
ST0439,31.811489530344502,-114.67467513295766,"976 Main St, City 438",AC Level 2,0.161,Offline,6.56,3.4,EVgo,7.2,Tesla,2022,No,4.1,4,Annually
ST0440,-49.42465851655303,22.954942654276067,"869 Main St, City 439",AC Level 1,0.346,Available,10.57,5.0,Electrify America,50.0,J1772,2015,Yes,4.7,4,Quarterly
ST0441,-48.97109716892505,-67.7834337938382,"955 Main St, City 440",AC Level 1,0.353,Occupied,42.48,9.5,EVgo,350.0,Type 2,2021,Yes,4.6,3,Quarterly
ST0442,68.2631452051528,16.25340075473801,"84 Main St, City 441",AC Level 1,0.576,Available,31.35,14.8,Blink,50.0,CHAdeMO,2019,No,3.2,17,Quarterly
ST0443,-11.344796551704356,45.426116505559264,"774 Main St, City 442",DC Fast,0.401,Occupied,1.62,16.9,BP Pulse,7.2,J1772,2017,No,2.3,7,Annually
ST0444,-11.816520881304179,98.9225411121605,"659 Main St, City 443",AC Level 2,0.309,Occupied,7.48,14.4,Shell Recharge,50.0,Type 2,2021,Yes,2.2,4,Quarterly
ST0445,45.66394374347533,-88.07361847181903,"953 Main St, City 444",DC Fast,0.637,Available,12.09,97.83114990237881,EVgo,150.0,CHAdeMO,2023,No,3.7,13,Quarterly
ST0446,63.142315059901634,-146.70125140245585,"453 Main St, City 445",AC Level 2,0.161,Offline,10.49,34.2,Blink,22.0,CHAdeMO,2016,No,3.9,12,Annually
ST0447,68.18013829697321,-108.93431097935782,"387 Main St, City 446",AC Level 2,0.332,Available,3.23,11.2,Shell Recharge,150.0,J1772,2022,No,4.5,1,Quarterly
ST0448,37.939164083662405,120.00559255443153,"507 Main St, City 447",AC Level 2,0.123,Available,29.37,6.9,BP Pulse,50.0,Type 2,2023,No,2.9,19,Weekly
ST0449,-11.086253880980948,112.16702326875458,"257 Main St, City 448",AC Level 2,0.507,Occupied,16.95,40.0,Electrify America,150.0,J1772,2017,No,2.5,18,Monthly
ST0450,-49.14490682917306,29.223930651092502,"570 Main St, City 449",AC Level 1,0.605,Occupied,27.29,25.6,Electrify America,50.0,Tesla,2016,No,,11,Quarterly
ST0451,41.02909907056679,30.155058130096023,"892 Main St, City 450",AC Level 2,0.254,Available,29.36,24.6,BP Pulse,7.2,CHAdeMO,2021,No,3.1,3,Monthly
ST0452,12.592552465654663,49.511002363876656,"934 Main St, City 451",AC Level 2,0.572,Available,20.7,9.2,BP Pulse,22.0,J1772,2019,No,2.4,17,Quarterly
ST0453,-4.8511387978930856,-97.38861641296512,"527 Main St, City 452",AC Level 2,0.261,Available,8.68,21.7,ChargePoint,11.0,CHAdeMO,2019,No,4.0,12,Quarterly
ST0454,57.82607006231568,124.32358377748795,"162 Main St, City 453",AC Level 2,0.601,Available,14.15,14.5,Blink,350.0,Type 2,2019,No,3.5,10,Weekly
ST0455,-45.54432730020032,-24.368842532378068,"957 Main St, City 454",AC Level 1,0.515,Occupied,2.62,12.7,Blink,150.0,CCS,2018,Yes,4.2,8,Annually
ST0456,4.041263557811689,-35.05844152515077,"163 Main St, City 455",AC Level 1,0.543,Available,16.8,12.7,BP Pulse,50.0,J1772,2019,,3.1,15,Monthly
ST0457,-58.52402618023552,5.675311584851272,"832 Main St, City 456",DC Fast,0.11,Available,2.96,17.9,Tesla,22.0,J1772,2018,No,3.0,5,Annually
ST0458,0.9258834592364167,-135.9102099674835,"793 Main St, City 457",AC Level 2,0.63,Available,17.76,29.6,Tesla,11.0,CHAdeMO,2020,Yes,3.4,4,Weekly
ST0459,-52.68057416136114,-100.11498937317617,"792 Main St, City 458",AC Level 1,0.5,Available,3.91,41.8,Shell Recharge,150.0,Type 2,2018,Yes,4.6,19,Weekly
ST0460,-44.55367088515065,71.41008492791113,"524 Main St, City 459",DC Fast,0.268,Available,1.88,10.3,Shell Recharge,22.0,Tesla,2016,No,2.1,4,Monthly
ST0461,-44.72158791897637,-125.16039962246205,"786 Main St, City 460",AC Level 1,0.556,Occupied,2.71,15.0,Tesla,11.0,Type 2,2023,No,4.4,15,Annually
ST0462,24.397339275088257,30.94563283991647,"271 Main St, City 461",AC Level 2,0.255,Offline,0.03,12.5,BP Pulse,50.0,J1772,2016,Yes,3.1,17,Weekly
ST0463,36.98583430450503,-76.39526709560371,"492 Main St, City 462",DC Fast,0.58,Occupied,19.03,17.2,BP Pulse,3.3,Tesla,2023,Yes,4.6,12,Quarterly
ST0464,15.837939462630757,-33.21131578740703,"208 Main St, City 463",AC Level 2,0.162,Available,19.77,11.6,Shell Recharge,22.0,Type 2,2020,Yes,4.4,3,Quarterly
ST0465,65.08243130169045,-63.39187896879004,"539 Main St, City 464",AC Level 1,0.487,Occupied,10.85,38.0,EVgo,22.0,CCS,2023,No,3.0,10,Quarterly
ST0466,-11.26682466191847,-43.298185060515266,"584 Main St, City 465",AC Level 1,0.397,Occupied,2.64,8.5,BP Pulse,7.2,CHAdeMO,2023,Yes,4.1,15,Annually
ST0467,-22.857428783358102,65.71377155527364,"60 Main St, City 466",AC Level 2,0.153,Occupied,1.31,10.3,Tesla,350.0,Type 2,2017,Yes,2.5,10,Quarterly
ST0468,52.91788666462983,-60.86348531304749,"430 Main St, City 467",AC Level 1,0.233,Available,0.29,9.3,Blink,11.0,Type 2,2015,No,4.7,18,Quarterly
ST0469,-30.932540992471157,19.921392089069144,"985 Main St, City 468",AC Level 2,0.107,Available,2.72,12.2,BP Pulse,7.2,,2015,No,3.2,1,Weekly
ST0470,65.21893012727946,-7.184879340270101,"657 Main St, City 469",AC Level 1,0.358,Available,33.23,116.8567733950531,BP Pulse,11.0,J1772,2017,No,3.4,3,Weekly
ST0471,-58.41991829032388,49.101349608794436,"605 Main St, City 470",AC Level 2,0.266,Available,4.15,9.4,EVgo,150.0,CHAdeMO,2019,Yes,4.1,12,Quarterly
ST0472,66.08424747199308,131.0489217974274,"309 Main St, City 471",DC Fast,0.429,Available,6.56,17.1,Shell Recharge,22.0,Type 2,2017,No,4.5,1,Quarterly
ST0473,-54.38921144642511,69.77162916307509,"520 Main St, City 472",DC Fast,0.263,Available,1.67,17.0,BP Pulse,50.0,Tesla,2023,No,2.7,3,Weekly
ST0474,55.84860478074924,-85.51788642277297,"591 Main St, City 473",AC Level 2,0.265,Available,3.77,15.5,Electrify America,3.3,,2023,No,4.0,3,Monthly
ST0475,8.601144181218984,-140.6450594816146,"27 Main St, City 474",AC Level 2,0.509,Occupied,10.99,28.1,ChargePoint,3.3,CHAdeMO,2017,No,3.2,5,Annually
ST0476,69.08542349550905,-71.32078671005247,"686 Main St, City 475",AC Level 2,0.126,Available,14.04,17.5,Tesla,22.0,Type 2,2017,No,3.1,19,Annually
ST0477,-50.40644658439815,28.523379210076456,"562 Main St, City 476",AC Level 2,0.597,Available,4.22,27.6,Electrify America,150.0,CCS,2019,Yes,,1,Weekly
ST0478,12.001056972171696,-134.57225595472488,"199 Main St, City 477",AC Level 2,0.569,Offline,0.89,41.8,Shell Recharge,150.0,Type 2,2016,No,3.2,4,Annually
ST0479,66.00932963048287,-1.0901258396291098,"387 Main St, City 478",AC Level 1,0.467,Offline,7.44,22.0,Blink,7.2,Type 2,2020,Yes,3.0,4,Weekly
ST0480,8.002719742119353,29.052854675066754,"349 Main St, City 479",DC Fast,0.426,Occupied,4.0,5.3,ChargePoint,50.0,Tesla,2021,No,4.5,17,Weekly
ST0481,21.821822957584132,-49.726832754911754,"960 Main St, City 480",AC Level 2,0.591,Offline,3.72,15.9,Electrify America,350.0,CCS,2023,Yes,2.3,14,Weekly
ST0482,30.447329568000228,81.27366112374656,"940 Main St, City 481",AC Level 1,0.202,Available,48.23,14.5,ChargePoint,22.0,CCS,2020,Yes,4.0,18,Weekly
ST0483,-0.9096615801894785,-118.02052405986846,"693 Main St, City 482",AC Level 2,0.143,Offline,14.37,31.0,Tesla,150.0,Type 2,2017,No,2.7,1,Monthly
ST0484,21.58255041092825,-127.45866547925738,"536 Main St, City 483",AC Level 2,0.232,Available,12.21,12.4,Shell Recharge,7.2,Tesla,2019,Yes,2.0,16,Quarterly
ST0485,15.960860550003034,68.45662686108099,"828 Main St, City 484",DC Fast,0.537,Available,8.06,7.8,BP Pulse,350.0,,2018,No,2.5,3,Quarterly
ST0486,57.150541363828566,-1.3526051381404613,"378 Main St, City 485",DC Fast,0.119,Available,8.4,9.8,Blink,150.0,Type 2,2019,Yes,3.8,9,Monthly
ST0487,-54.09197055561047,56.520718928320804,"899 Main St, City 486",DC Fast,0.421,Available,11.68,5.5,Shell Recharge,350.0,CHAdeMO,2022,Yes,4.1,4,Annually
ST0488,-23.474785353010056,-19.551798418876132,"916 Main St, City 487",AC Level 1,0.647,Available,17.88,0.9,ChargePoint,50.0,CHAdeMO,2022,No,2.1,5,Annually
ST0489,63.55349292995264,-76.07939002826795,"558 Main St, City 488",AC Level 2,0.571,Occupied,18.17,38.1,Electrify America,22.0,Tesla,2020,No,2.1,11,Quarterly
ST0490,55.73429190581912,95.7306953022599,"527 Main St, City 489",AC Level 2,0.387,Occupied,2.83,13.5,Tesla,350.0,J1772,2015,No,4.7,9,Annually
ST0491,-0.7646221378573159,89.82476369069377,"153 Main St, City 490",AC Level 1,0.135,Available,10.4,5.9,Tesla,11.0,CHAdeMO,2022,Yes,2.2,3,Quarterly
ST0492,20.617237714199774,58.408941256328035,"734 Main St, City 491",AC Level 2,0.557,Available,7.96,32.5,Shell Recharge,22.0,J1772,2022,No,4.7,6,Quarterly
ST0493,-23.94044621245275,-68.3564588310112,"206 Main St, City 492",DC Fast,0.429,Occupied,30.66,35.6,BP Pulse,50.0,CCS,2016,No,2.7,11,Monthly
ST0494,-35.544249235911025,27.069200060726132,"455 Main St, City 493",AC Level 1,0.163,Occupied,14.97,14.8,Electrify America,150.0,CHAdeMO,2018,No,4.2,9,Annually
ST0495,0.28079264219768163,-41.707830917991956,"273 Main St, City 494",AC Level 2,0.152,Available,11.41,5.1,BP Pulse,350.0,CHAdeMO,2016,No,2.9,15,Monthly
ST0496,-14.064210356613131,-122.52537800200976,"894 Main St, City 495",AC Level 2,0.6,Occupied,1.84,10.0,BP Pulse,11.0,Tesla,2018,No,4.6,3,Quarterly
ST0497,15.875294540613368,125.19407263867282,"236 Main St, City 496",AC Level 1,0.468,Available,13.96,11.6,Electrify America,150.0,J1772,2021,No,4.1,1,Quarterly
ST0498,-49.894497194551974,-108.95441072431157,"852 Main St, City 497",AC Level 2,0.556,Available,1.87,13.8,ChargePoint,50.0,CHAdeMO,2023,No,3.2,19,Quarterly
ST0499,66.67132499660164,135.07120614624074,"740 Main St, City 498",DC Fast,0.583,Offline,6.17,6.4,Shell Recharge,7.2,CHAdeMO,2022,No,2.2,14,Weekly
ST0500,68.20739678234838,-16.198268112613277,"521 Main St, City 499",DC Fast,0.414,Available,2.31,23.0,Shell Recharge,22.0,Tesla,2023,No,4.2,17,Weekly